fact_id,layer,variant_a,variant_b,is_correct_a,is_correct_b,pair_type,cosine_distance,l2_distance
fact_0001,6,original,leading_space,True,False,correct_wrong,0.030947327613830566,17.371416091918945
fact_0001,6,original,trailing_space,True,True,correct_correct,0.009102702140808105,9.387004852294922
fact_0001,6,original,space_before_qmark,True,True,correct_correct,0.0058394670486450195,7.523868560791016
fact_0001,6,original,no_qmark,True,False,correct_wrong,0.04188960790634155,20.5937442779541
fact_0001,6,original,lower_first_char,True,True,correct_correct,0.01881718635559082,13.490198135375977
fact_0001,6,original,double_first_space,True,False,correct_wrong,0.011133909225463867,10.409355163574219
fact_0001,6,leading_space,trailing_space,False,True,correct_wrong,0.033942341804504395,18.252351760864258
fact_0001,6,leading_space,space_before_qmark,False,True,correct_wrong,0.033944547176361084,18.243778228759766
fact_0001,6,leading_space,no_qmark,False,False,wrong_wrong,0.06800425052642822,26.27377700805664
fact_0001,6,leading_space,lower_first_char,False,True,correct_wrong,0.049916625022888184,22.15453338623047
fact_0001,6,leading_space,double_first_space,False,False,wrong_wrong,0.028816938400268555,16.83858299255371
fact_0001,6,trailing_space,space_before_qmark,True,True,correct_correct,0.012732744216918945,11.111905097961426
fact_0001,6,trailing_space,no_qmark,True,False,correct_wrong,0.04994434118270874,22.481050491333008
fact_0001,6,trailing_space,lower_first_char,True,True,correct_correct,0.02744746208190918,16.34844207763672
fact_0001,6,trailing_space,double_first_space,True,False,correct_wrong,0.011600613594055176,10.631988525390625
fact_0001,6,space_before_qmark,no_qmark,True,False,correct_wrong,0.034133195877075195,18.625991821289062
fact_0001,6,space_before_qmark,lower_first_char,True,True,correct_correct,0.02269667387008667,14.857484817504883
fact_0001,6,space_before_qmark,double_first_space,True,False,correct_wrong,0.014840841293334961,12.018547058105469
fact_0001,6,no_qmark,lower_first_char,False,True,correct_wrong,0.06078594923019409,24.79637336730957
fact_0001,6,no_qmark,double_first_space,False,False,wrong_wrong,0.048286378383636475,22.121553421020508
fact_0001,6,lower_first_char,double_first_space,True,False,correct_wrong,0.030922532081604004,17.377960205078125
fact_0001,9,original,leading_space,True,False,correct_wrong,0.02873891592025757,25.732980728149414
fact_0001,9,original,trailing_space,True,True,correct_correct,0.004598855972290039,10.713016510009766
fact_0001,9,original,space_before_qmark,True,True,correct_correct,0.0053261518478393555,11.292081832885742
fact_0001,9,original,no_qmark,True,False,correct_wrong,0.022725284099578857,24.13054084777832
fact_0001,9,original,lower_first_char,True,True,correct_correct,0.01233053207397461,16.98693084716797
fact_0001,9,original,double_first_space,True,False,correct_wrong,0.007088840007781982,13.130289077758789
fact_0001,9,leading_space,trailing_space,False,True,correct_wrong,0.031079888343811035,27.454734802246094
fact_0001,9,leading_space,space_before_qmark,False,True,correct_wrong,0.036953508853912354,29.483118057250977
fact_0001,9,leading_space,no_qmark,False,False,wrong_wrong,0.052833378314971924,36.45866775512695
fact_0001,9,leading_space,lower_first_char,False,True,correct_wrong,0.04225641489028931,31.14902687072754
fact_0001,9,leading_space,double_first_space,False,False,wrong_wrong,0.02558434009552002,24.95311737060547
fact_0001,9,trailing_space,space_before_qmark,True,True,correct_correct,0.01065284013748169,16.05768585205078
fact_0001,9,trailing_space,no_qmark,True,False,correct_wrong,0.02719438076019287,26.215526580810547
fact_0001,9,trailing_space,lower_first_char,True,True,correct_correct,0.015680789947509766,19.457731246948242
fact_0001,9,trailing_space,double_first_space,True,False,correct_wrong,0.007141232490539551,13.167094230651855
fact_0001,9,space_before_qmark,no_qmark,True,False,correct_wrong,0.02260732650756836,23.964418411254883
fact_0001,9,space_before_qmark,lower_first_char,True,True,correct_correct,0.01833897829055786,20.864660263061523
fact_0001,9,space_before_qmark,double_first_space,True,False,correct_wrong,0.010249674320220947,15.715983390808105
fact_0001,9,no_qmark,lower_first_char,False,True,correct_wrong,0.030805230140686035,27.910335540771484
fact_0001,9,no_qmark,double_first_space,False,False,wrong_wrong,0.027942299842834473,26.56781578063965
fact_0001,9,lower_first_char,double_first_space,True,False,correct_wrong,0.018544912338256836,21.089590072631836
fact_0001,12,original,leading_space,True,False,correct_wrong,0.03110569715499878,31.209449768066406
fact_0001,12,original,trailing_space,True,True,correct_correct,0.003926336765289307,11.056760787963867
fact_0001,12,original,space_before_qmark,True,True,correct_correct,0.005509436130523682,13.083633422851562
fact_0001,12,original,no_qmark,True,False,correct_wrong,0.038162827491760254,36.05898666381836
fact_0001,12,original,lower_first_char,True,True,correct_correct,0.011991322040557861,19.186647415161133
fact_0001,12,original,double_first_space,True,False,correct_wrong,0.006601929664611816,14.462881088256836
fact_0001,12,leading_space,trailing_space,False,True,correct_wrong,0.031174421310424805,31.303035736083984
fact_0001,12,leading_space,space_before_qmark,False,True,correct_wrong,0.03764623403549194,34.20035171508789
fact_0001,12,leading_space,no_qmark,False,False,wrong_wrong,0.06956684589385986,48.31404495239258
fact_0001,12,leading_space,lower_first_char,False,True,correct_wrong,0.04538506269454956,37.50739669799805
fact_0001,12,leading_space,double_first_space,False,False,wrong_wrong,0.025992989540100098,28.684890747070312
fact_0001,12,trailing_space,space_before_qmark,True,True,correct_correct,0.009373188018798828,17.123680114746094
fact_0001,12,trailing_space,no_qmark,True,False,correct_wrong,0.03998607397079468,36.843631744384766
fact_0001,12,trailing_space,lower_first_char,True,True,correct_correct,0.013682007789611816,20.617700576782227
fact_0001,12,trailing_space,double_first_space,True,False,correct_wrong,0.005532681941986084,13.22436237335205
fact_0001,12,space_before_qmark,no_qmark,True,False,correct_wrong,0.03945726156234741,36.8099479675293
fact_0001,12,space_before_qmark,lower_first_char,True,True,correct_correct,0.01881343126296997,23.688493728637695
fact_0001,12,space_before_qmark,double_first_space,True,False,correct_wrong,0.00953662395477295,17.513870239257812
fact_0001,12,no_qmark,lower_first_char,False,True,correct_wrong,0.03957164287567139,36.87929153442383
fact_0001,12,no_qmark,double_first_space,False,False,wrong_wrong,0.04079759120941162,37.1829719543457
fact_0001,12,lower_first_char,double_first_space,True,False,correct_wrong,0.016454577445983887,22.80607795715332
fact_0002,6,original,leading_space,False,True,correct_wrong,0.031035423278808594,17.103065490722656
fact_0002,6,original,trailing_space,False,False,wrong_wrong,0.00960397720336914,9.466496467590332
fact_0002,6,original,space_before_qmark,False,False,wrong_wrong,0.007082223892211914,8.114668846130371
fact_0002,6,original,no_qmark,False,False,wrong_wrong,0.04056227207183838,19.91593360900879
fact_0002,6,original,lower_first_char,False,False,wrong_wrong,0.020035266876220703,13.746138572692871
fact_0002,6,original,double_first_space,False,False,wrong_wrong,0.009497642517089844,9.389181137084961
fact_0002,6,leading_space,trailing_space,True,False,correct_wrong,0.03537487983703613,18.31357192993164
fact_0002,6,leading_space,space_before_qmark,True,False,correct_wrong,0.03391456604003906,17.91715431213379
fact_0002,6,leading_space,no_qmark,True,False,correct_wrong,0.06849581003189087,25.91168212890625
fact_0002,6,leading_space,lower_first_char,True,False,correct_wrong,0.050084710121154785,21.865915298461914
fact_0002,6,leading_space,double_first_space,True,False,correct_wrong,0.02878737449645996,16.51209259033203
fact_0002,6,trailing_space,space_before_qmark,False,False,wrong_wrong,0.01436835527420044,11.588335990905762
fact_0002,6,trailing_space,no_qmark,False,False,wrong_wrong,0.04983532428741455,22.060842514038086
fact_0002,6,trailing_space,lower_first_char,False,False,wrong_wrong,0.029424071311950684,16.681957244873047
fact_0002,6,trailing_space,double_first_space,False,False,wrong_wrong,0.011742234230041504,10.477226257324219
fact_0002,6,space_before_qmark,no_qmark,False,False,wrong_wrong,0.03204202651977539,17.73828125
fact_0002,6,space_before_qmark,lower_first_char,False,False,wrong_wrong,0.025255322456359863,15.444358825683594
fact_0002,6,space_before_qmark,double_first_space,False,False,wrong_wrong,0.013973832130432129,11.41360092163086
fact_0002,6,no_qmark,lower_first_char,False,False,wrong_wrong,0.06295198202133179,24.827707290649414
fact_0002,6,no_qmark,double_first_space,False,False,wrong_wrong,0.04616189002990723,21.23322105407715
fact_0002,6,lower_first_char,double_first_space,False,False,wrong_wrong,0.03096914291381836,17.100078582763672
fact_0002,9,original,leading_space,False,True,correct_wrong,0.03243207931518555,27.396297454833984
fact_0002,9,original,trailing_space,False,False,wrong_wrong,0.005694329738616943,12.057609558105469
fact_0002,9,original,space_before_qmark,False,False,wrong_wrong,0.0059500932693481445,11.851624488830566
fact_0002,9,original,no_qmark,False,False,wrong_wrong,0.02964264154434204,27.06099510192871
fact_0002,9,original,lower_first_char,False,False,wrong_wrong,0.01361781358718872,17.761356353759766
fact_0002,9,original,double_first_space,False,False,wrong_wrong,0.007301151752471924,13.12370491027832
fact_0002,9,leading_space,trailing_space,True,False,correct_wrong,0.03738516569137573,30.587278366088867
fact_0002,9,leading_space,space_before_qmark,True,False,correct_wrong,0.03931015729904175,30.43918228149414
fact_0002,9,leading_space,no_qmark,True,False,correct_wrong,0.06404983997344971,39.63197326660156
fact_0002,9,leading_space,lower_first_char,True,False,correct_wrong,0.045617759227752686,32.25096130371094
fact_0002,9,leading_space,double_first_space,True,False,correct_wrong,0.0294225811958313,26.67875099182129
fact_0002,9,trailing_space,space_before_qmark,False,False,wrong_wrong,0.0114363431930542,16.7025203704834
fact_0002,9,trailing_space,no_qmark,False,False,wrong_wrong,0.03469741344451904,29.338027954101562
fact_0002,9,trailing_space,lower_first_char,False,False,wrong_wrong,0.017175793647766113,20.44807243347168
fact_0002,9,trailing_space,double_first_space,False,False,wrong_wrong,0.007185041904449463,13.288750648498535
fact_0002,9,space_before_qmark,no_qmark,False,False,wrong_wrong,0.02846229076385498,26.504459381103516
fact_0002,9,space_before_qmark,lower_first_char,False,False,wrong_wrong,0.020493507385253906,21.928390502929688
fact_0002,9,space_before_qmark,double_first_space,False,False,wrong_wrong,0.009603142738342285,15.067153930664062
fact_0002,9,no_qmark,lower_first_char,False,False,wrong_wrong,0.03734928369522095,30.293155670166016
fact_0002,9,no_qmark,double_first_space,False,False,wrong_wrong,0.03450971841812134,29.148792266845703
fact_0002,9,lower_first_char,double_first_space,False,False,wrong_wrong,0.019379079341888428,21.332082748413086
fact_0002,12,original,leading_space,False,True,correct_wrong,0.04279351234436035,34.520790100097656
fact_0002,12,original,trailing_space,False,False,wrong_wrong,0.0060124993324279785,13.30310344696045
fact_0002,12,original,space_before_qmark,False,False,wrong_wrong,0.006522119045257568,13.400507926940918
fact_0002,12,original,no_qmark,False,False,wrong_wrong,0.0484694242477417,38.80756759643555
fact_0002,12,original,lower_first_char,False,False,wrong_wrong,0.015498995780944824,20.746667861938477
fact_0002,12,original,double_first_space,False,False,wrong_wrong,0.00879669189453125,15.78538990020752
fact_0002,12,leading_space,trailing_space,True,False,correct_wrong,0.04221981763839722,34.705841064453125
fact_0002,12,leading_space,space_before_qmark,True,False,correct_wrong,0.046942055225372314,36.01261901855469
fact_0002,12,leading_space,no_qmark,True,False,correct_wrong,0.09507972002029419,53.78557205200195
fact_0002,12,leading_space,lower_first_char,True,False,correct_wrong,0.05901747941970825,40.64307403564453
fact_0002,12,leading_space,double_first_space,True,False,correct_wrong,0.03532344102859497,31.58742332458496
fact_0002,12,trailing_space,space_before_qmark,False,False,wrong_wrong,0.012231767177581787,18.906564712524414
fact_0002,12,trailing_space,no_qmark,False,False,wrong_wrong,0.051085472106933594,39.74214553833008
fact_0002,12,trailing_space,lower_first_char,False,False,wrong_wrong,0.01745659112930298,22.348493576049805
fact_0002,12,trailing_space,double_first_space,False,False,wrong_wrong,0.006399035453796387,13.569912910461426
fact_0002,12,space_before_qmark,no_qmark,False,False,wrong_wrong,0.05013918876647949,39.53461456298828
fact_0002,12,space_before_qmark,lower_first_char,False,False,wrong_wrong,0.024198055267333984,25.841049194335938
fact_0002,12,space_before_qmark,double_first_space,False,False,wrong_wrong,0.011335432529449463,17.97187614440918
fact_0002,12,no_qmark,lower_first_char,False,False,wrong_wrong,0.046335041522979736,37.94246292114258
fact_0002,12,no_qmark,double_first_space,False,False,wrong_wrong,0.04840821027755737,38.71455383300781
fact_0002,12,lower_first_char,double_first_space,False,False,wrong_wrong,0.019457638263702393,23.426481246948242
fact_0004,6,original,leading_space,False,False,wrong_wrong,0.02939164638519287,16.805187225341797
fact_0004,6,original,trailing_space,False,False,wrong_wrong,0.00820612907409668,8.91812801361084
fact_0004,6,original,space_before_qmark,False,False,wrong_wrong,0.006418704986572266,7.754501819610596
fact_0004,6,original,no_qmark,False,False,wrong_wrong,0.04559284448623657,20.810213088989258
fact_0004,6,original,lower_first_char,False,False,wrong_wrong,0.0170058012008667,12.718307495117188
fact_0004,6,original,double_first_space,False,True,correct_wrong,0.00923776626586914,9.415900230407715
fact_0004,6,leading_space,trailing_space,False,False,wrong_wrong,0.032010793685913086,17.622787475585938
fact_0004,6,leading_space,space_before_qmark,False,False,wrong_wrong,0.03215837478637695,17.590730667114258
fact_0004,6,leading_space,no_qmark,False,False,wrong_wrong,0.07105636596679688,26.257076263427734
fact_0004,6,leading_space,lower_first_char,False,False,wrong_wrong,0.04707968235015869,21.345348358154297
fact_0004,6,leading_space,double_first_space,False,True,correct_wrong,0.026628494262695312,16.059907913208008
fact_0004,6,trailing_space,space_before_qmark,False,False,wrong_wrong,0.012100696563720703,10.771090507507324
fact_0004,6,trailing_space,no_qmark,False,False,wrong_wrong,0.053076982498168945,22.630783081054688
fact_0004,6,trailing_space,lower_first_char,False,False,wrong_wrong,0.02543032169342041,15.641639709472656
fact_0004,6,trailing_space,double_first_space,False,True,correct_wrong,0.010128259658813477,9.8739595413208
fact_0004,6,space_before_qmark,no_qmark,False,False,wrong_wrong,0.038838863372802734,19.25533103942871
fact_0004,6,space_before_qmark,lower_first_char,False,False,wrong_wrong,0.020854830741882324,14.0896635055542
fact_0004,6,space_before_qmark,double_first_space,False,True,correct_wrong,0.013640940189361572,11.407194137573242
fact_0004,6,no_qmark,lower_first_char,False,False,wrong_wrong,0.06449073553085327,24.912519454956055
fact_0004,6,no_qmark,double_first_space,False,True,correct_wrong,0.05017906427383423,21.979862213134766
fact_0004,6,lower_first_char,double_first_space,False,True,correct_wrong,0.02794647216796875,16.377286911010742
fact_0004,9,original,leading_space,False,False,wrong_wrong,0.028922975063323975,24.58030128479004
fact_0004,9,original,trailing_space,False,False,wrong_wrong,0.005515098571777344,11.417231559753418
fact_0004,9,original,space_before_qmark,False,False,wrong_wrong,0.005333960056304932,10.661161422729492
fact_0004,9,original,no_qmark,False,False,wrong_wrong,0.027665913105010986,25.238969802856445
fact_0004,9,original,lower_first_char,False,False,wrong_wrong,0.012431144714355469,16.26352882385254
fact_0004,9,original,double_first_space,False,True,correct_wrong,0.0064209699630737305,12.010924339294434
fact_0004,9,leading_space,trailing_space,False,False,wrong_wrong,0.033677101135253906,27.583019256591797
fact_0004,9,leading_space,space_before_qmark,False,False,wrong_wrong,0.03677850961685181,27.807170867919922
fact_0004,9,leading_space,no_qmark,False,False,wrong_wrong,0.05715775489807129,36.05004119873047
fact_0004,9,leading_space,lower_first_char,False,False,wrong_wrong,0.041547179222106934,29.50583267211914
fact_0004,9,leading_space,double_first_space,False,True,correct_wrong,0.02534782886505127,23.894655227661133
fact_0004,9,trailing_space,space_before_qmark,False,False,wrong_wrong,0.009944915771484375,14.982894897460938
fact_0004,9,trailing_space,no_qmark,False,False,wrong_wrong,0.03210180997848511,27.124744415283203
fact_0004,9,trailing_space,lower_first_char,False,False,wrong_wrong,0.016324996948242188,19.083175659179688
fact_0004,9,trailing_space,double_first_space,False,True,correct_wrong,0.006790637969970703,12.326227188110352
fact_0004,9,space_before_qmark,no_qmark,False,False,wrong_wrong,0.027413487434387207,25.085657119750977
fact_0004,9,space_before_qmark,lower_first_char,False,False,wrong_wrong,0.018056869506835938,19.64472198486328
fact_0004,9,space_before_qmark,double_first_space,False,True,correct_wrong,0.01023322343826294,15.012275695800781
fact_0004,9,no_qmark,lower_first_char,False,False,wrong_wrong,0.03328436613082886,27.567434310913086
fact_0004,9,no_qmark,double_first_space,False,True,correct_wrong,0.03107762336730957,26.653705596923828
fact_0004,9,lower_first_char,double_first_space,False,True,correct_wrong,0.016617894172668457,19.08107566833496
fact_0004,12,original,leading_space,False,False,wrong_wrong,0.03301018476486206,30.424074172973633
fact_0004,12,original,trailing_space,False,False,wrong_wrong,0.004368185997009277,11.406954765319824
fact_0004,12,original,space_before_qmark,False,False,wrong_wrong,0.006274700164794922,13.122697830200195
fact_0004,12,original,no_qmark,False,False,wrong_wrong,0.035325706005096436,33.55244445800781
fact_0004,12,original,lower_first_char,False,False,wrong_wrong,0.011943221092224121,18.0851993560791
fact_0004,12,original,double_first_space,False,True,correct_wrong,0.006319105625152588,13.69101619720459
fact_0004,12,leading_space,trailing_space,False,False,wrong_wrong,0.0333746075630188,30.895984649658203
fact_0004,12,leading_space,space_before_qmark,False,False,wrong_wrong,0.04155540466308594,34.04141616821289
fact_0004,12,leading_space,no_qmark,False,False,wrong_wrong,0.06689691543579102,45.41027069091797
fact_0004,12,leading_space,lower_first_char,False,False,wrong_wrong,0.04693728685379028,36.19046401977539
fact_0004,12,leading_space,double_first_space,False,True,correct_wrong,0.027967751026153564,28.336957931518555
fact_0004,12,trailing_space,space_before_qmark,False,False,wrong_wrong,0.009871900081634521,17.011154174804688
fact_0004,12,trailing_space,no_qmark,False,False,wrong_wrong,0.036876797676086426,33.99900817871094
fact_0004,12,trailing_space,lower_first_char,False,False,wrong_wrong,0.013986468315124512,20.07056427001953
fact_0004,12,trailing_space,double_first_space,False,True,correct_wrong,0.0050601959228515625,12.090641975402832
fact_0004,12,space_before_qmark,no_qmark,False,False,wrong_wrong,0.03478074073791504,33.47441101074219
fact_0004,12,space_before_qmark,lower_first_char,False,False,wrong_wrong,0.017797648906707764,21.96057891845703
fact_0004,12,space_before_qmark,double_first_space,False,True,correct_wrong,0.011866569519042969,18.67020034790039
fact_0004,12,no_qmark,lower_first_char,False,False,wrong_wrong,0.034735023975372314,33.39936828613281
fact_0004,12,no_qmark,double_first_space,False,True,correct_wrong,0.03734755516052246,34.19462203979492
fact_0004,12,lower_first_char,double_first_space,False,True,correct_wrong,0.015516579151153564,21.195709228515625
fact_0007,6,original,leading_space,True,False,correct_wrong,0.030908703804016113,17.263320922851562
fact_0007,6,original,trailing_space,True,False,correct_wrong,0.010399103164672852,9.970467567443848
fact_0007,6,original,space_before_qmark,True,True,correct_correct,0.00577390193939209,7.298201560974121
fact_0007,6,original,no_qmark,True,True,correct_correct,0.037051498889923096,18.771665573120117
fact_0007,6,original,lower_first_char,True,False,correct_wrong,0.017573654651641846,12.946502685546875
fact_0007,6,original,double_first_space,True,False,correct_wrong,0.010364055633544922,9.947796821594238
fact_0007,6,leading_space,trailing_space,False,False,wrong_wrong,0.0346415638923645,18.33283805847168
fact_0007,6,leading_space,space_before_qmark,False,True,correct_wrong,0.03227466344833374,17.635408401489258
fact_0007,6,leading_space,no_qmark,False,True,correct_wrong,0.06319069862365723,24.798202514648438
fact_0007,6,leading_space,lower_first_char,False,False,wrong_wrong,0.04844510555267334,21.693012237548828
fact_0007,6,leading_space,double_first_space,False,False,wrong_wrong,0.02820897102355957,16.54454803466797
fact_0007,6,trailing_space,space_before_qmark,False,True,correct_wrong,0.013598322868347168,11.378426551818848
fact_0007,6,trailing_space,no_qmark,False,True,correct_wrong,0.04393225908279419,20.561017990112305
fact_0007,6,trailing_space,lower_first_char,False,False,wrong_wrong,0.028141140937805176,16.435775756835938
fact_0007,6,trailing_space,double_first_space,False,False,wrong_wrong,0.011725902557373047,10.595162391662598
fact_0007,6,space_before_qmark,no_qmark,True,True,correct_correct,0.03157627582550049,17.34064483642578
fact_0007,6,space_before_qmark,lower_first_char,True,False,correct_wrong,0.02158796787261963,14.33265495300293
fact_0007,6,space_before_qmark,double_first_space,True,False,correct_wrong,0.01393580436706543,11.511065483093262
fact_0007,6,no_qmark,lower_first_char,True,False,correct_wrong,0.05587160587310791,23.210330963134766
fact_0007,6,no_qmark,double_first_space,True,False,correct_wrong,0.04162120819091797,20.00908851623535
fact_0007,6,lower_first_char,double_first_space,False,False,wrong_wrong,0.029861032962799072,16.927034378051758
fact_0007,9,original,leading_space,True,False,correct_wrong,0.03186917304992676,26.416296005249023
fact_0007,9,original,trailing_space,True,False,correct_wrong,0.006223440170288086,12.486489295959473
fact_0007,9,original,space_before_qmark,True,True,correct_correct,0.0042618513107299805,9.716886520385742
fact_0007,9,original,no_qmark,True,True,correct_correct,0.025317668914794922,24.524574279785156
fact_0007,9,original,lower_first_char,True,False,correct_wrong,0.013322770595550537,17.201431274414062
fact_0007,9,original,double_first_space,True,False,correct_wrong,0.006267666816711426,12.01960563659668
fact_0007,9,leading_space,trailing_space,False,False,wrong_wrong,0.03810930252075195,30.142057418823242
fact_0007,9,leading_space,space_before_qmark,False,True,correct_wrong,0.03983396291732788,29.43881607055664
fact_0007,9,leading_space,no_qmark,False,True,correct_wrong,0.058920443058013916,37.1497688293457
fact_0007,9,leading_space,lower_first_char,False,False,wrong_wrong,0.04126054048538208,30.01995086669922
fact_0007,9,leading_space,double_first_space,False,False,wrong_wrong,0.028193414211273193,25.556713104248047
fact_0007,9,trailing_space,space_before_qmark,False,True,correct_wrong,0.00909280776977539,14.875616073608398
fact_0007,9,trailing_space,no_qmark,False,True,correct_wrong,0.03081071376800537,27.107162475585938
fact_0007,9,trailing_space,lower_first_char,False,False,wrong_wrong,0.018160998821258545,20.69868278503418
fact_0007,9,trailing_space,double_first_space,False,False,wrong_wrong,0.007344245910644531,13.209952354431152
fact_0007,9,space_before_qmark,no_qmark,True,True,correct_correct,0.02036195993423462,22.068544387817383
fact_0007,9,space_before_qmark,lower_first_char,True,False,correct_wrong,0.01882767677307129,20.453611373901367
fact_0007,9,space_before_qmark,double_first_space,True,False,correct_wrong,0.008759856224060059,14.159379005432129
fact_0007,9,no_qmark,lower_first_char,True,False,correct_wrong,0.03930312395095825,30.39312171936035
fact_0007,9,no_qmark,double_first_space,True,False,correct_wrong,0.02814847230911255,25.800317764282227
fact_0007,9,lower_first_char,double_first_space,False,False,wrong_wrong,0.016843855381011963,19.56388282775879
fact_0007,12,original,leading_space,True,False,correct_wrong,0.0432167649269104,36.44136047363281
fact_0007,12,original,trailing_space,True,False,correct_wrong,0.00885009765625,16.558107376098633
fact_0007,12,original,space_before_qmark,True,True,correct_correct,0.004931509494781494,12.018275260925293
fact_0007,12,original,no_qmark,True,True,correct_correct,0.040064096450805664,34.825809478759766
fact_0007,12,original,lower_first_char,True,False,correct_wrong,0.02230536937713623,26.20425033569336
fact_0007,12,original,double_first_space,True,False,correct_wrong,0.011207044124603271,18.6871280670166
fact_0007,12,leading_space,trailing_space,False,False,wrong_wrong,0.04077458381652832,35.59392166137695
fact_0007,12,leading_space,space_before_qmark,False,True,correct_wrong,0.05290055274963379,40.209964752197266
fact_0007,12,leading_space,no_qmark,False,True,correct_wrong,0.07518094778060913,48.37784957885742
fact_0007,12,leading_space,lower_first_char,False,False,wrong_wrong,0.04492378234863281,37.4611930847168
fact_0007,12,leading_space,double_first_space,False,False,wrong_wrong,0.03135883808135986,31.265071868896484
fact_0007,12,trailing_space,space_before_qmark,False,True,correct_wrong,0.01325225830078125,20.33892059326172
fact_0007,12,trailing_space,no_qmark,False,True,correct_wrong,0.041434645652770996,35.691585540771484
fact_0007,12,trailing_space,lower_first_char,False,False,wrong_wrong,0.0206986665725708,25.285558700561523
fact_0007,12,trailing_space,double_first_space,False,False,wrong_wrong,0.006078064441680908,13.683213233947754
fact_0007,12,space_before_qmark,no_qmark,True,True,correct_correct,0.03475308418273926,32.46432876586914
fact_0007,12,space_before_qmark,lower_first_char,True,False,correct_wrong,0.03227943181991577,31.45458221435547
fact_0007,12,space_before_qmark,double_first_space,True,False,correct_wrong,0.015105724334716797,21.79437255859375
fact_0007,12,no_qmark,lower_first_char,True,False,correct_wrong,0.06126159429550171,43.54722213745117
fact_0007,12,no_qmark,double_first_space,True,False,correct_wrong,0.039408743381500244,34.875022888183594
fact_0007,12,lower_first_char,double_first_space,False,False,wrong_wrong,0.01978898048400879,24.76126480102539
fact_0013,6,original,leading_space,True,False,correct_wrong,0.030860185623168945,17.365530014038086
fact_0013,6,original,trailing_space,True,True,correct_correct,0.01074761152267456,10.290512084960938
fact_0013,6,original,space_before_qmark,True,True,correct_correct,0.007102489471435547,8.26175308227539
fact_0013,6,original,no_qmark,True,True,correct_correct,0.048678457736968994,22.08055305480957
fact_0013,6,original,lower_first_char,True,True,correct_correct,0.01978158950805664,13.771049499511719
fact_0013,6,original,double_first_space,True,True,correct_correct,0.010111629962921143,9.914682388305664
fact_0013,6,leading_space,trailing_space,False,True,correct_wrong,0.03387141227722168,18.293628692626953
fact_0013,6,leading_space,space_before_qmark,False,True,correct_wrong,0.03339266777038574,18.095861434936523
fact_0013,6,leading_space,no_qmark,False,True,correct_wrong,0.07371681928634644,27.3021240234375
fact_0013,6,leading_space,lower_first_char,False,True,correct_wrong,0.04975712299346924,22.100204467773438
fact_0013,6,leading_space,double_first_space,False,True,correct_wrong,0.02819836139678955,16.661630630493164
fact_0013,6,trailing_space,space_before_qmark,True,True,correct_correct,0.01419442892074585,11.772992134094238
fact_0013,6,trailing_space,no_qmark,True,True,correct_correct,0.059107840061187744,24.41419219970703
fact_0013,6,trailing_space,lower_first_char,True,True,correct_correct,0.030709266662597656,17.31591796875
fact_0013,6,trailing_space,double_first_space,True,True,correct_correct,0.011963963508605957,10.823586463928223
fact_0013,6,space_before_qmark,no_qmark,True,True,correct_correct,0.04239833354949951,20.652109146118164
fact_0013,6,space_before_qmark,lower_first_char,True,True,correct_correct,0.024213552474975586,15.287254333496094
fact_0013,6,space_before_qmark,double_first_space,True,True,correct_correct,0.014733314514160156,11.947675704956055
fact_0013,6,no_qmark,lower_first_char,True,True,correct_correct,0.0709463357925415,26.67228126525879
fact_0013,6,no_qmark,double_first_space,True,True,correct_correct,0.053832411766052246,23.272018432617188
fact_0013,6,lower_first_char,double_first_space,True,True,correct_correct,0.031801819801330566,17.570720672607422
fact_0013,9,original,leading_space,True,False,correct_wrong,0.034117937088012695,27.35847282409668
fact_0013,9,original,trailing_space,True,True,correct_correct,0.006431162357330322,12.87848949432373
fact_0013,9,original,space_before_qmark,True,True,correct_correct,0.006088674068450928,11.680863380432129
fact_0013,9,original,no_qmark,True,True,correct_correct,0.03145557641983032,27.23191261291504
fact_0013,9,original,lower_first_char,True,True,correct_correct,0.013745009899139404,17.417524337768555
fact_0013,9,original,double_first_space,True,True,correct_correct,0.006266415119171143,12.098867416381836
fact_0013,9,leading_space,trailing_space,False,True,correct_wrong,0.03996175527572632,31.2701416015625
fact_0013,9,leading_space,space_before_qmark,False,True,correct_wrong,0.04410147666931152,31.260713577270508
fact_0013,9,leading_space,no_qmark,False,True,correct_wrong,0.06440943479537964,38.819583892822266
fact_0013,9,leading_space,lower_first_char,False,True,correct_wrong,0.048576414585113525,32.404232025146484
fact_0013,9,leading_space,double_first_space,False,True,correct_wrong,0.03168678283691406,27.351394653320312
fact_0013,9,trailing_space,space_before_qmark,True,True,correct_correct,0.011244475841522217,16.46969223022461
fact_0013,9,trailing_space,no_qmark,True,True,correct_correct,0.03881847858428955,30.459646224975586
fact_0013,9,trailing_space,lower_first_char,True,True,correct_correct,0.01742851734161377,20.434606552124023
fact_0013,9,trailing_space,double_first_space,True,True,correct_correct,0.007085084915161133,13.040377616882324
fact_0013,9,space_before_qmark,no_qmark,True,True,correct_correct,0.02996009588241577,26.571170806884766
fact_0013,9,space_before_qmark,lower_first_char,True,True,correct_correct,0.02004384994506836,21.148475646972656
fact_0013,9,space_before_qmark,double_first_space,True,True,correct_correct,0.010177433490753174,15.26737117767334
fact_0013,9,no_qmark,lower_first_char,True,True,correct_correct,0.040160417556762695,30.683835983276367
fact_0013,9,no_qmark,double_first_space,True,True,correct_correct,0.03433269262313843,28.46065330505371
fact_0013,9,lower_first_char,double_first_space,True,True,correct_correct,0.018722832202911377,20.66156578063965
fact_0013,12,original,leading_space,True,False,correct_wrong,0.038623929023742676,33.910675048828125
fact_0013,12,original,trailing_space,True,True,correct_correct,0.00618976354598999,14.67081069946289
fact_0013,12,original,space_before_qmark,True,True,correct_correct,0.006377577781677246,13.85571002960205
fact_0013,12,original,no_qmark,True,True,correct_correct,0.043888092041015625,37.277549743652344
fact_0013,12,original,lower_first_char,True,True,correct_correct,0.014868438243865967,21.0872802734375
fact_0013,12,original,double_first_space,True,True,correct_correct,0.00742870569229126,15.394747734069824
fact_0013,12,leading_space,trailing_space,False,True,correct_wrong,0.03964424133300781,35.53658676147461
fact_0013,12,leading_space,space_before_qmark,False,True,correct_wrong,0.04751068353652954,37.33312225341797
fact_0013,12,leading_space,no_qmark,False,True,correct_wrong,0.0809241533279419,50.28226852416992
fact_0013,12,leading_space,lower_first_char,False,True,correct_wrong,0.05582016706466675,40.3464469909668
fact_0013,12,leading_space,double_first_space,False,True,correct_wrong,0.0342252254486084,32.569583892822266
fact_0013,12,trailing_space,space_before_qmark,True,True,correct_correct,0.011262774467468262,19.638105392456055
fact_0013,12,trailing_space,no_qmark,True,True,correct_correct,0.048427700996398926,39.610347747802734
fact_0013,12,trailing_space,lower_first_char,True,True,correct_correct,0.016996562480926514,23.85553550720215
fact_0013,12,trailing_space,double_first_space,True,True,correct_correct,0.0068356990814208984,14.898473739624023
fact_0013,12,space_before_qmark,no_qmark,True,True,correct_correct,0.03865927457809448,35.031898498535156
fact_0013,12,space_before_qmark,lower_first_char,True,True,correct_correct,0.018478572368621826,23.247446060180664
fact_0013,12,space_before_qmark,double_first_space,True,True,correct_correct,0.011228442192077637,18.988893508911133
fact_0013,12,no_qmark,lower_first_char,True,True,correct_correct,0.044525861740112305,37.53723907470703
fact_0013,12,no_qmark,double_first_space,True,True,correct_correct,0.04389673471450806,37.47538375854492
fact_0013,12,lower_first_char,double_first_space,True,True,correct_correct,0.01617974042892456,22.697900772094727
fact_0017,6,original,leading_space,True,False,correct_wrong,0.03907674551010132,19.946266174316406
fact_0017,6,original,trailing_space,True,True,correct_correct,0.012316763401031494,11.218107223510742
fact_0017,6,original,space_before_qmark,True,True,correct_correct,0.005724787712097168,7.6725172996521
fact_0017,6,original,no_qmark,True,True,correct_correct,0.04525226354598999,22.137773513793945
fact_0017,6,original,lower_first_char,True,True,correct_correct,0.018909811973571777,14.138612747192383
fact_0017,6,original,double_first_space,True,True,correct_correct,0.011465489864349365,10.956012725830078
fact_0017,6,leading_space,trailing_space,False,True,correct_wrong,0.04631638526916504,21.699508666992188
fact_0017,6,leading_space,space_before_qmark,False,True,correct_wrong,0.04286915063858032,20.93848991394043
fact_0017,6,leading_space,no_qmark,False,True,correct_wrong,0.08324968814849854,29.870899200439453
fact_0017,6,leading_space,lower_first_char,False,True,correct_wrong,0.05700039863586426,24.414953231811523
fact_0017,6,leading_space,double_first_space,False,True,correct_wrong,0.03868597745895386,20.033489227294922
fact_0017,6,trailing_space,space_before_qmark,True,True,correct_correct,0.015950560569763184,12.795804977416992
fact_0017,6,trailing_space,no_qmark,True,True,correct_correct,0.061387479305267334,25.720312118530273
fact_0017,6,trailing_space,lower_first_char,True,True,correct_correct,0.029959797859191895,17.755006790161133
fact_0017,6,trailing_space,double_first_space,True,True,correct_correct,0.017226219177246094,13.408302307128906
fact_0017,6,space_before_qmark,no_qmark,True,True,correct_correct,0.03763735294342041,20.22490882873535
fact_0017,6,space_before_qmark,lower_first_char,True,True,correct_correct,0.02202439308166504,15.250125885009766
fact_0017,6,space_before_qmark,double_first_space,True,True,correct_correct,0.014909148216247559,12.485114097595215
fact_0017,6,no_qmark,lower_first_char,True,True,correct_correct,0.06118875741958618,25.828216552734375
fact_0017,6,no_qmark,double_first_space,True,True,correct_correct,0.046810269355773926,22.559412002563477
fact_0017,6,lower_first_char,double_first_space,True,True,correct_correct,0.027747273445129395,17.15593147277832
fact_0017,9,original,leading_space,True,False,correct_wrong,0.0366358757019043,29.402294158935547
fact_0017,9,original,trailing_space,True,True,correct_correct,0.008527040481567383,14.026464462280273
fact_0017,9,original,space_before_qmark,True,True,correct_correct,0.0034362077713012695,8.920961380004883
fact_0017,9,original,no_qmark,True,True,correct_correct,0.02978891134262085,27.25509262084961
fact_0017,9,original,lower_first_char,True,True,correct_correct,0.010400831699371338,15.492634773254395
fact_0017,9,original,double_first_space,True,True,correct_correct,0.008690595626831055,14.720369338989258
fact_0017,9,leading_space,trailing_space,False,True,correct_wrong,0.03717172145843506,29.444473266601562
fact_0017,9,leading_space,space_before_qmark,False,True,correct_wrong,0.03962057828903198,30.50545883178711
fact_0017,9,leading_space,no_qmark,False,True,correct_wrong,0.06572467088699341,40.67348861694336
fact_0017,9,leading_space,lower_first_char,False,True,correct_wrong,0.042572617530822754,30.653276443481445
fact_0017,9,leading_space,double_first_space,False,True,correct_wrong,0.037731826305389404,31.319564819335938
fact_0017,9,trailing_space,space_before_qmark,True,True,correct_correct,0.011294662952423096,16.15378761291504
fact_0017,9,trailing_space,no_qmark,True,True,correct_correct,0.03949838876724243,31.270002365112305
fact_0017,9,trailing_space,lower_first_char,True,True,correct_correct,0.01599884033203125,19.10105323791504
fact_0017,9,trailing_space,double_first_space,True,True,correct_correct,0.01105046272277832,16.560779571533203
fact_0017,9,space_before_qmark,no_qmark,True,True,correct_correct,0.02528434991836548,25.170169830322266
fact_0017,9,space_before_qmark,lower_first_char,True,True,correct_correct,0.011627137660980225,16.390424728393555
fact_0017,9,space_before_qmark,double_first_space,True,True,correct_correct,0.010551989078521729,16.141563415527344
fact_0017,9,no_qmark,lower_first_char,True,True,correct_correct,0.03915506601333618,31.216815948486328
fact_0017,9,no_qmark,double_first_space,True,True,correct_correct,0.03175163269042969,28.14914894104004
fact_0017,9,lower_first_char,double_first_space,True,True,correct_correct,0.01975703239440918,22.08128547668457
fact_0017,12,original,leading_space,True,False,correct_wrong,0.04917091131210327,36.485260009765625
fact_0017,12,original,trailing_space,True,True,correct_correct,0.011126101016998291,17.69564437866211
fact_0017,12,original,space_before_qmark,True,True,correct_correct,0.004754602909088135,11.467991828918457
fact_0017,12,original,no_qmark,True,True,correct_correct,0.03662097454071045,33.58682632446289
fact_0017,12,original,lower_first_char,True,True,correct_correct,0.011055946350097656,17.45718765258789
fact_0017,12,original,double_first_space,True,True,correct_correct,0.011310875415802002,18.07492446899414
fact_0017,12,leading_space,trailing_space,False,True,correct_wrong,0.039655983448028564,33.181941986083984
fact_0017,12,leading_space,space_before_qmark,False,True,correct_wrong,0.04903489351272583,36.34086227416992
fact_0017,12,leading_space,no_qmark,False,True,correct_wrong,0.08684331178665161,50.91032028198242
fact_0017,12,leading_space,lower_first_char,False,True,correct_wrong,0.049009621143341064,36.105064392089844
fact_0017,12,leading_space,double_first_space,False,True,correct_wrong,0.05151104927062988,38.108787536621094
fact_0017,12,trailing_space,space_before_qmark,True,True,correct_correct,0.013456583023071289,19.449386596679688
fact_0017,12,trailing_space,no_qmark,True,True,correct_correct,0.04735410213470459,37.97529602050781
fact_0017,12,trailing_space,lower_first_char,True,True,correct_correct,0.014869511127471924,20.44967269897461
fact_0017,12,trailing_space,double_first_space,True,True,correct_correct,0.01296323537826538,19.30278968811035
fact_0017,12,space_before_qmark,no_qmark,True,True,correct_correct,0.03200560808181763,31.538909912109375
fact_0017,12,space_before_qmark,lower_first_char,True,True,correct_correct,0.01298832893371582,18.866626739501953
fact_0017,12,space_before_qmark,double_first_space,True,True,correct_correct,0.010789632797241211,17.690011978149414
fact_0017,12,no_qmark,lower_first_char,True,True,correct_correct,0.046507298946380615,37.731468200683594
fact_0017,12,no_qmark,double_first_space,True,True,correct_correct,0.038126587867736816,34.15568923950195
fact_0017,12,lower_first_char,double_first_space,True,True,correct_correct,0.021192193031311035,24.657743453979492
fact_0028,6,original,leading_space,True,True,correct_correct,0.030735373497009277,17.626611709594727
fact_0028,6,original,trailing_space,True,True,correct_correct,0.011291265487670898,10.75029182434082
fact_0028,6,original,space_before_qmark,True,True,correct_correct,0.006267666816711426,7.932126522064209
fact_0028,6,original,no_qmark,True,False,correct_wrong,0.027684271335601807,16.749282836914062
fact_0028,6,original,lower_first_char,True,False,correct_wrong,0.016847968101501465,12.990328788757324
fact_0028,6,original,double_first_space,True,True,correct_correct,0.01028430461883545,10.279682159423828
fact_0028,6,leading_space,trailing_space,True,True,correct_correct,0.034931063652038574,18.923324584960938
fact_0028,6,leading_space,space_before_qmark,True,True,correct_correct,0.03278708457946777,18.255279541015625
fact_0028,6,leading_space,no_qmark,True,False,correct_wrong,0.05624192953109741,24.01799774169922
fact_0028,6,leading_space,lower_first_char,True,False,correct_wrong,0.04612606763839722,21.666080474853516
fact_0028,6,leading_space,double_first_space,True,True,correct_correct,0.029004216194152832,17.249555587768555
fact_0028,6,trailing_space,space_before_qmark,True,True,correct_correct,0.014343500137329102,12.089570045471191
fact_0028,6,trailing_space,no_qmark,True,False,correct_wrong,0.03763413429260254,19.651622772216797
fact_0028,6,trailing_space,lower_first_char,True,False,correct_wrong,0.027133464813232422,16.625720977783203
fact_0028,6,trailing_space,double_first_space,True,True,correct_correct,0.011931180953979492,11.0659818649292
fact_0028,6,space_before_qmark,no_qmark,True,False,correct_wrong,0.02243262529373169,15.115487098693848
fact_0028,6,space_before_qmark,lower_first_char,True,False,correct_wrong,0.020701110363006592,14.442683219909668
fact_0028,6,space_before_qmark,double_first_space,True,True,correct_correct,0.01489800214767456,12.327503204345703
fact_0028,6,no_qmark,lower_first_char,False,False,wrong_wrong,0.04374605417251587,21.112411499023438
fact_0028,6,no_qmark,double_first_space,False,True,correct_wrong,0.03461802005767822,18.854230880737305
fact_0028,6,lower_first_char,double_first_space,False,True,correct_wrong,0.02863311767578125,17.086135864257812
fact_0028,9,original,leading_space,True,True,correct_correct,0.02991187572479248,26.936111450195312
fact_0028,9,original,trailing_space,True,True,correct_correct,0.005453228950500488,11.905613899230957
fact_0028,9,original,space_before_qmark,True,True,correct_correct,0.005347251892089844,11.694100379943848
fact_0028,9,original,no_qmark,True,False,correct_wrong,0.019499361515045166,22.703359603881836
fact_0028,9,original,lower_first_char,True,False,correct_wrong,0.012185752391815186,17.213247299194336
fact_0028,9,original,double_first_space,True,True,correct_correct,0.007095456123352051,13.845263481140137
fact_0028,9,leading_space,trailing_space,True,True,correct_correct,0.03194093704223633,28.735958099365234
fact_0028,9,leading_space,space_before_qmark,True,True,correct_correct,0.03574877977371216,30.08254623413086
fact_0028,9,leading_space,no_qmark,True,False,correct_wrong,0.0501018762588501,36.27711486816406
fact_0028,9,leading_space,lower_first_char,True,False,correct_wrong,0.0420832633972168,31.68496322631836
fact_0028,9,leading_space,double_first_space,True,True,correct_correct,0.026710033416748047,27.050674438476562
fact_0028,9,trailing_space,space_before_qmark,True,True,correct_correct,0.011021316051483154,16.71511459350586
fact_0028,9,trailing_space,no_qmark,True,False,correct_wrong,0.02394843101501465,25.00194549560547
fact_0028,9,trailing_space,lower_first_char,True,False,correct_wrong,0.016216576099395752,20.23557472229004
fact_0028,9,trailing_space,double_first_space,True,True,correct_correct,0.007961750030517578,14.351652145385742
fact_0028,9,space_before_qmark,no_qmark,True,False,correct_wrong,0.018441975116729736,21.968358993530273
fact_0028,9,space_before_qmark,lower_first_char,True,False,correct_wrong,0.017596840858459473,20.98319435119629
fact_0028,9,space_before_qmark,double_first_space,True,True,correct_correct,0.009558439254760742,15.724051475524902
fact_0028,9,no_qmark,lower_first_char,False,False,wrong_wrong,0.026023447513580322,26.0941104888916
fact_0028,9,no_qmark,double_first_space,False,True,correct_wrong,0.023546338081359863,24.847881317138672
fact_0028,9,lower_first_char,double_first_space,False,True,correct_wrong,0.018661677837371826,21.965456008911133
fact_0028,12,original,leading_space,True,True,correct_correct,0.03831982612609863,33.980995178222656
fact_0028,12,original,trailing_space,True,True,correct_correct,0.004839956760406494,12.228658676147461
fact_0028,12,original,space_before_qmark,True,True,correct_correct,0.00811767578125,15.797266960144043
fact_0028,12,original,no_qmark,True,False,correct_wrong,0.03994250297546387,36.34092712402344
fact_0028,12,original,lower_first_char,True,False,correct_wrong,0.01325315237045288,20.157852172851562
fact_0028,12,original,double_first_space,True,True,correct_correct,0.008566439151763916,16.51941680908203
fact_0028,12,leading_space,trailing_space,True,True,correct_correct,0.03715616464614868,33.630096435546875
fact_0028,12,leading_space,space_before_qmark,True,True,correct_correct,0.04305392503738403,35.40827941894531
fact_0028,12,leading_space,no_qmark,True,False,correct_wrong,0.07821077108383179,50.35582733154297
fact_0028,12,leading_space,lower_first_char,True,False,correct_wrong,0.05541020631790161,39.91407775878906
fact_0028,12,leading_space,double_first_space,True,True,correct_correct,0.0321773886680603,31.944944381713867
fact_0028,12,trailing_space,space_before_qmark,True,True,correct_correct,0.01142972707748413,18.800880432128906
fact_0028,12,trailing_space,no_qmark,True,False,correct_wrong,0.04127997159957886,36.92393493652344
fact_0028,12,trailing_space,lower_first_char,True,False,correct_wrong,0.01612377166748047,22.311969757080078
fact_0028,12,trailing_space,double_first_space,True,True,correct_correct,0.007842957973480225,15.787065505981445
fact_0028,12,space_before_qmark,no_qmark,True,False,correct_wrong,0.03727346658706665,35.269676208496094
fact_0028,12,space_before_qmark,lower_first_char,True,False,correct_wrong,0.018153905868530273,23.136205673217773
fact_0028,12,space_before_qmark,double_first_space,True,True,correct_correct,0.010923326015472412,18.836200714111328
fact_0028,12,no_qmark,lower_first_char,False,False,wrong_wrong,0.036113739013671875,34.8486213684082
fact_0028,12,no_qmark,double_first_space,False,True,correct_wrong,0.04298293590545654,37.70893478393555
fact_0028,12,lower_first_char,double_first_space,False,True,correct_wrong,0.019354283809661865,24.866912841796875
fact_0029,6,original,leading_space,True,False,correct_wrong,0.031655073165893555,17.46607208251953
fact_0029,6,original,trailing_space,True,False,correct_wrong,0.011507272720336914,10.502631187438965
fact_0029,6,original,space_before_qmark,True,False,correct_wrong,0.005338847637176514,7.102321147918701
fact_0029,6,original,no_qmark,True,False,correct_wrong,0.027196764945983887,16.012781143188477
fact_0029,6,original,lower_first_char,True,False,correct_wrong,0.018950462341308594,13.350650787353516
fact_0029,6,original,double_first_space,True,False,correct_wrong,0.011576950550079346,10.538627624511719
fact_0029,6,leading_space,trailing_space,False,False,wrong_wrong,0.03518366813659668,18.487199783325195
fact_0029,6,leading_space,space_before_qmark,False,False,wrong_wrong,0.03402441740036011,18.131877899169922
fact_0029,6,leading_space,no_qmark,False,False,wrong_wrong,0.056813597679138184,23.443880081176758
fact_0029,6,leading_space,lower_first_char,False,False,wrong_wrong,0.04932272434234619,21.828048706054688
fact_0029,6,leading_space,double_first_space,False,False,wrong_wrong,0.029666423797607422,16.9797306060791
fact_0029,6,trailing_space,space_before_qmark,False,False,wrong_wrong,0.014833688735961914,11.907350540161133
fact_0029,6,trailing_space,no_qmark,False,False,wrong_wrong,0.04083317518234253,19.773944854736328
fact_0029,6,trailing_space,lower_first_char,False,False,wrong_wrong,0.03020244836807251,16.99057960510254
fact_0029,6,trailing_space,double_first_space,False,False,wrong_wrong,0.012725472450256348,11.064788818359375
fact_0029,6,space_before_qmark,no_qmark,False,False,wrong_wrong,0.02582705020904541,15.658186912536621
fact_0029,6,space_before_qmark,lower_first_char,False,False,wrong_wrong,0.02155923843383789,14.287186622619629
fact_0029,6,space_before_qmark,double_first_space,False,False,wrong_wrong,0.014823675155639648,11.9066162109375
fact_0029,6,no_qmark,lower_first_char,False,False,wrong_wrong,0.04704183340072632,21.147756576538086
fact_0029,6,no_qmark,double_first_space,False,False,wrong_wrong,0.03604483604431152,18.58233642578125
fact_0029,6,lower_first_char,double_first_space,False,False,wrong_wrong,0.031215190887451172,17.276535034179688
fact_0029,9,original,leading_space,True,False,correct_wrong,0.028328418731689453,26.61537742614746
fact_0029,9,original,trailing_space,True,False,correct_wrong,0.00568079948425293,12.328641891479492
fact_0029,9,original,space_before_qmark,True,False,correct_wrong,0.005681276321411133,11.977204322814941
fact_0029,9,original,no_qmark,True,False,correct_wrong,0.016812145709991455,20.978479385375977
fact_0029,9,original,lower_first_char,True,False,correct_wrong,0.011161744594573975,16.616615295410156
fact_0029,9,original,double_first_space,True,False,correct_wrong,0.00642770528793335,12.744688034057617
fact_0029,9,leading_space,trailing_space,False,False,wrong_wrong,0.032011568546295166,29.38646125793457
fact_0029,9,leading_space,space_before_qmark,False,False,wrong_wrong,0.03501749038696289,29.877233505249023
fact_0029,9,leading_space,no_qmark,False,False,wrong_wrong,0.04516565799713135,34.54423904418945
fact_0029,9,leading_space,lower_first_char,False,False,wrong_wrong,0.04063934087753296,31.588003158569336
fact_0029,9,leading_space,double_first_space,False,False,wrong_wrong,0.025287628173828125,25.850181579589844
fact_0029,9,trailing_space,space_before_qmark,False,False,wrong_wrong,0.011414408683776855,17.1679630279541
fact_0029,9,trailing_space,no_qmark,False,False,wrong_wrong,0.02485591173171997,25.481487274169922
fact_0029,9,trailing_space,lower_first_char,False,False,wrong_wrong,0.01612645387649536,20.393497467041016
fact_0029,9,trailing_space,double_first_space,False,False,wrong_wrong,0.007414698600769043,13.864053726196289
fact_0029,9,space_before_qmark,no_qmark,False,False,wrong_wrong,0.02031034231185913,22.973255157470703
fact_0029,9,space_before_qmark,lower_first_char,False,False,wrong_wrong,0.017007887363433838,20.653247833251953
fact_0029,9,space_before_qmark,double_first_space,False,False,wrong_wrong,0.009463071823120117,15.463214874267578
fact_0029,9,no_qmark,lower_first_char,False,False,wrong_wrong,0.023885130882263184,24.895177841186523
fact_0029,9,no_qmark,double_first_space,False,False,wrong_wrong,0.021571636199951172,23.670507431030273
fact_0029,9,lower_first_char,double_first_space,False,False,wrong_wrong,0.016780376434326172,20.527040481567383
fact_0029,12,original,leading_space,True,False,correct_wrong,0.034902870655059814,32.11222457885742
fact_0029,12,original,trailing_space,True,False,correct_wrong,0.005211174488067627,12.682694435119629
fact_0029,12,original,space_before_qmark,True,False,correct_wrong,0.00613558292388916,13.486477851867676
fact_0029,12,original,no_qmark,True,False,correct_wrong,0.026440918445587158,28.5363712310791
fact_0029,12,original,lower_first_char,True,False,correct_wrong,0.013808965682983398,20.206222534179688
fact_0029,12,original,double_first_space,True,False,correct_wrong,0.007044792175292969,14.64914608001709
fact_0029,12,leading_space,trailing_space,False,False,wrong_wrong,0.0340803861618042,32.07627868652344
fact_0029,12,leading_space,space_before_qmark,False,False,wrong_wrong,0.03787785768508911,33.2690315246582
fact_0029,12,leading_space,no_qmark,False,False,wrong_wrong,0.06042802333831787,42.940731048583984
fact_0029,12,leading_space,lower_first_char,False,False,wrong_wrong,0.05140995979309082,38.884098052978516
fact_0029,12,leading_space,double_first_space,False,False,wrong_wrong,0.02895522117614746,29.52482795715332
fact_0029,12,trailing_space,space_before_qmark,False,False,wrong_wrong,0.010043799877166748,17.615528106689453
fact_0029,12,trailing_space,no_qmark,False,False,wrong_wrong,0.03349339962005615,32.200443267822266
fact_0029,12,trailing_space,lower_first_char,False,False,wrong_wrong,0.018114209175109863,23.447593688964844
fact_0029,12,trailing_space,double_first_space,False,False,wrong_wrong,0.006466031074523926,14.058910369873047
fact_0029,12,space_before_qmark,no_qmark,False,False,wrong_wrong,0.029726624488830566,30.241374969482422
fact_0029,12,space_before_qmark,lower_first_char,False,False,wrong_wrong,0.020667552947998047,24.587648391723633
fact_0029,12,space_before_qmark,double_first_space,False,False,wrong_wrong,0.00932466983795166,16.923322677612305
fact_0029,12,no_qmark,lower_first_char,False,False,wrong_wrong,0.02923727035522461,29.985591888427734
fact_0029,12,no_qmark,double_first_space,False,False,wrong_wrong,0.029384970664978027,30.141267776489258
fact_0029,12,lower_first_char,double_first_space,False,False,wrong_wrong,0.017243802547454834,22.828052520751953
fact_0031,6,original,leading_space,True,True,correct_correct,0.03216952085494995,17.862152099609375
fact_0031,6,original,trailing_space,True,True,correct_correct,0.01277381181716919,11.280632972717285
fact_0031,6,original,space_before_qmark,True,True,correct_correct,0.006860494613647461,8.279216766357422
fact_0031,6,original,no_qmark,True,False,correct_wrong,0.02817976474761963,16.846891403198242
fact_0031,6,original,lower_first_char,True,False,correct_wrong,0.018067538738250732,13.44558048248291
fact_0031,6,original,double_first_space,True,False,correct_wrong,0.01053398847579956,10.293429374694824
fact_0031,6,leading_space,trailing_space,True,True,correct_correct,0.03650301694869995,19.127107620239258
fact_0031,6,leading_space,space_before_qmark,True,True,correct_correct,0.03401052951812744,18.45389747619629
fact_0031,6,leading_space,no_qmark,True,False,correct_wrong,0.060014307498931885,24.644615173339844
fact_0031,6,leading_space,lower_first_char,True,False,correct_wrong,0.04912137985229492,22.228607177734375
fact_0031,6,leading_space,double_first_space,True,False,correct_wrong,0.030818939208984375,17.607534408569336
fact_0031,6,trailing_space,space_before_qmark,True,True,correct_correct,0.01620495319366455,12.740519523620605
fact_0031,6,trailing_space,no_qmark,True,False,correct_wrong,0.04360175132751465,21.012048721313477
fact_0031,6,trailing_space,lower_first_char,True,False,correct_wrong,0.02845102548599243,16.920696258544922
fact_0031,6,trailing_space,double_first_space,True,False,correct_wrong,0.013081848621368408,11.474971771240234
fact_0031,6,space_before_qmark,no_qmark,True,False,correct_wrong,0.024077296257019043,15.615562438964844
fact_0031,6,space_before_qmark,lower_first_char,True,False,correct_wrong,0.02272498607635498,15.116935729980469
fact_0031,6,space_before_qmark,double_first_space,True,False,correct_wrong,0.015321195125579834,12.41356372833252
fact_0031,6,no_qmark,lower_first_char,False,False,wrong_wrong,0.04829263687133789,22.1453800201416
fact_0031,6,no_qmark,double_first_space,False,False,wrong_wrong,0.03532278537750244,18.940441131591797
fact_0031,6,lower_first_char,double_first_space,False,False,wrong_wrong,0.029892265796661377,17.372251510620117
fact_0031,9,original,leading_space,True,True,correct_correct,0.037444889545440674,29.820350646972656
fact_0031,9,original,trailing_space,True,True,correct_correct,0.0064966678619384766,12.7568998336792
fact_0031,9,original,space_before_qmark,True,True,correct_correct,0.007410168647766113,13.73518180847168
fact_0031,9,original,no_qmark,True,False,correct_wrong,0.02276599407196045,23.891876220703125
fact_0031,9,original,lower_first_char,True,False,correct_wrong,0.014660775661468506,18.622617721557617
fact_0031,9,original,double_first_space,True,False,correct_wrong,0.008625030517578125,14.791025161743164
fact_0031,9,leading_space,trailing_space,True,True,correct_correct,0.038998425006866455,31.348464965820312
fact_0031,9,leading_space,space_before_qmark,True,True,correct_correct,0.04463469982147217,33.56024169921875
fact_0031,9,leading_space,no_qmark,True,False,correct_wrong,0.06291401386260986,39.53582000732422
fact_0031,9,leading_space,lower_first_char,True,False,correct_wrong,0.04975003004074097,33.80512237548828
fact_0031,9,leading_space,double_first_space,True,False,correct_wrong,0.033057987689971924,29.43964195251465
fact_0031,9,trailing_space,space_before_qmark,True,True,correct_correct,0.013942182064056396,18.63780975341797
fact_0031,9,trailing_space,no_qmark,True,False,correct_wrong,0.031151413917541504,27.95879364013672
fact_0031,9,trailing_space,lower_first_char,True,False,correct_wrong,0.017296791076660156,20.63311195373535
fact_0031,9,trailing_space,double_first_space,True,False,correct_wrong,0.008840024471282959,14.851414680480957
fact_0031,9,space_before_qmark,no_qmark,True,False,correct_wrong,0.02243626117706299,23.7735595703125
fact_0031,9,space_before_qmark,lower_first_char,True,False,correct_wrong,0.0223730206489563,23.546785354614258
fact_0031,9,space_before_qmark,double_first_space,True,False,correct_wrong,0.01089698076248169,16.516002655029297
fact_0031,9,no_qmark,lower_first_char,False,False,wrong_wrong,0.03365451097488403,28.94915008544922
fact_0031,9,no_qmark,double_first_space,False,False,wrong_wrong,0.030087947845458984,27.534122467041016
fact_0031,9,lower_first_char,double_first_space,False,False,wrong_wrong,0.02224719524383545,23.498517990112305
fact_0031,12,original,leading_space,True,True,correct_correct,0.048451125621795654,37.42548751831055
fact_0031,12,original,trailing_space,True,True,correct_correct,0.00605320930480957,13.498324394226074
fact_0031,12,original,space_before_qmark,True,True,correct_correct,0.008967459201812744,16.262527465820312
fact_0031,12,original,no_qmark,True,False,correct_wrong,0.03088235855102539,30.939748764038086
fact_0031,12,original,lower_first_char,True,False,correct_wrong,0.0165785551071167,22.091453552246094
fact_0031,12,original,double_first_space,True,False,correct_wrong,0.009380698204040527,17.12617301940918
fact_0031,12,leading_space,trailing_space,True,True,correct_correct,0.04697364568710327,37.23511505126953
fact_0031,12,leading_space,space_before_qmark,True,True,correct_correct,0.054740190505981445,39.420833587646484
fact_0031,12,leading_space,no_qmark,True,False,correct_wrong,0.08309072256088257,50.07438659667969
fact_0031,12,leading_space,lower_first_char,True,False,correct_wrong,0.06579428911209106,42.58771896362305
fact_0031,12,leading_space,double_first_space,True,False,correct_wrong,0.03962421417236328,35.0016975402832
fact_0031,12,trailing_space,space_before_qmark,True,True,correct_correct,0.013632595539093018,20.2150821685791
fact_0031,12,trailing_space,no_qmark,True,False,correct_wrong,0.03665423393249512,33.71430206298828
fact_0031,12,trailing_space,lower_first_char,True,False,correct_wrong,0.020016610622406006,24.507837295532227
fact_0031,12,trailing_space,double_first_space,True,False,correct_wrong,0.008162379264831543,15.914754867553711
fact_0031,12,space_before_qmark,no_qmark,True,False,correct_wrong,0.030106306076049805,30.569150924682617
fact_0031,12,space_before_qmark,lower_first_char,True,False,correct_wrong,0.025764286518096924,27.250823974609375
fact_0031,12,space_before_qmark,double_first_space,True,False,correct_wrong,0.011903762817382812,19.329389572143555
fact_0031,12,no_qmark,lower_first_char,False,False,wrong_wrong,0.03395456075668335,32.5139045715332
fact_0031,12,no_qmark,double_first_space,False,False,wrong_wrong,0.03740471601486206,34.21464538574219
fact_0031,12,lower_first_char,double_first_space,False,False,wrong_wrong,0.021837711334228516,26.109355926513672
fact_0042,6,original,leading_space,True,False,correct_wrong,0.03086698055267334,17.425037384033203
fact_0042,6,original,trailing_space,True,True,correct_correct,0.00984954833984375,9.877649307250977
fact_0042,6,original,space_before_qmark,True,True,correct_correct,0.007652223110198975,8.577655792236328
fact_0042,6,original,no_qmark,True,False,correct_wrong,0.03530263900756836,18.676311492919922
fact_0042,6,original,lower_first_char,True,True,correct_correct,0.018546998500823975,13.441033363342285
fact_0042,6,original,double_first_space,True,True,correct_correct,0.010392189025878906,10.082648277282715
fact_0042,6,leading_space,trailing_space,False,True,correct_wrong,0.033813297748565674,18.33626365661621
fact_0042,6,leading_space,space_before_qmark,False,True,correct_wrong,0.033492445945739746,18.171972274780273
fact_0042,6,leading_space,no_qmark,False,False,wrong_wrong,0.0622866153717041,24.98103904724121
fact_0042,6,leading_space,lower_first_char,False,True,correct_wrong,0.049062252044677734,22.055021286010742
fact_0042,6,leading_space,double_first_space,False,True,correct_wrong,0.027916669845581055,16.635391235351562
fact_0042,6,trailing_space,space_before_qmark,True,True,correct_correct,0.014722943305969238,12.026710510253906
fact_0042,6,trailing_space,no_qmark,True,False,correct_wrong,0.04402095079421997,20.959854125976562
fact_0042,6,trailing_space,lower_first_char,True,True,correct_correct,0.028749465942382812,16.84099578857422
fact_0042,6,trailing_space,double_first_space,True,True,correct_correct,0.011426925659179688,10.615697860717773
fact_0042,6,space_before_qmark,no_qmark,True,False,correct_wrong,0.02904421091079712,16.973087310791016
fact_0042,6,space_before_qmark,lower_first_char,True,True,correct_correct,0.023424923419952393,15.11962604522705
fact_0042,6,space_before_qmark,double_first_space,True,True,correct_correct,0.015291333198547363,12.213438987731934
fact_0042,6,no_qmark,lower_first_char,False,True,correct_wrong,0.05344361066818237,23.06228256225586
fact_0042,6,no_qmark,double_first_space,False,True,correct_wrong,0.042165279388427734,20.4814395904541
fact_0042,6,lower_first_char,double_first_space,True,True,correct_correct,0.03040790557861328,17.28302764892578
fact_0042,9,original,leading_space,True,False,correct_wrong,0.03637295961380005,28.512353897094727
fact_0042,9,original,trailing_space,True,True,correct_correct,0.006453156471252441,12.80264949798584
fact_0042,9,original,space_before_qmark,True,True,correct_correct,0.008132100105285645,13.774186134338379
fact_0042,9,original,no_qmark,True,False,correct_wrong,0.02594292163848877,26.029712677001953
fact_0042,9,original,lower_first_char,True,True,correct_correct,0.014321744441986084,17.87407112121582
fact_0042,9,original,double_first_space,True,True,correct_correct,0.006783843040466309,12.814477920532227
fact_0042,9,leading_space,trailing_space,False,True,correct_wrong,0.04170507192611694,31.994945526123047
fact_0042,9,leading_space,space_before_qmark,False,True,correct_wrong,0.048052310943603516,33.29011535644531
fact_0042,9,leading_space,no_qmark,False,False,wrong_wrong,0.06285536289215088,40.25762176513672
fact_0042,9,leading_space,lower_first_char,False,True,correct_wrong,0.049425721168518066,32.652896881103516
fact_0042,9,leading_space,double_first_space,False,True,correct_wrong,0.033662259578704834,28.706865310668945
fact_0042,9,trailing_space,space_before_qmark,True,True,correct_correct,0.01325911283493042,17.800662994384766
fact_0042,9,trailing_space,no_qmark,True,False,correct_wrong,0.03181016445159912,28.354061126708984
fact_0042,9,trailing_space,lower_first_char,True,True,correct_correct,0.017847836017608643,20.79023551940918
fact_0042,9,trailing_space,double_first_space,True,True,correct_correct,0.006811738014221191,12.778486251831055
fact_0042,9,space_before_qmark,no_qmark,True,False,correct_wrong,0.02501237392425537,25.319705963134766
fact_0042,9,space_before_qmark,lower_first_char,True,True,correct_correct,0.024311184883117676,23.644655227661133
fact_0042,9,space_before_qmark,double_first_space,True,True,correct_correct,0.011218726634979248,16.24610137939453
fact_0042,9,no_qmark,lower_first_char,False,True,correct_wrong,0.03247380256652832,29.002883911132812
fact_0042,9,no_qmark,double_first_space,False,True,correct_wrong,0.02934396266937256,27.278783798217773
fact_0042,9,lower_first_char,double_first_space,True,True,correct_correct,0.019217848777770996,21.272066116333008
fact_0042,12,original,leading_space,True,False,correct_wrong,0.03951960802078247,34.037879943847656
fact_0042,12,original,trailing_space,True,True,correct_correct,0.005513489246368408,13.638360977172852
fact_0042,12,original,space_before_qmark,True,True,correct_correct,0.007959187030792236,15.298656463623047
fact_0042,12,original,no_qmark,True,False,correct_wrong,0.041323304176330566,37.25210189819336
fact_0042,12,original,lower_first_char,True,True,correct_correct,0.01424795389175415,20.702293395996094
fact_0042,12,original,double_first_space,True,True,correct_correct,0.007051825523376465,14.998026847839355
fact_0042,12,leading_space,trailing_space,False,True,correct_wrong,0.03982734680175781,35.09172439575195
fact_0042,12,leading_space,space_before_qmark,False,True,correct_wrong,0.04620027542114258,36.7653923034668
fact_0042,12,leading_space,no_qmark,False,False,wrong_wrong,0.07411390542984009,49.23942947387695
fact_0042,12,leading_space,lower_first_char,False,True,correct_wrong,0.05172252655029297,39.278263092041016
fact_0042,12,leading_space,double_first_space,False,True,correct_wrong,0.034339725971221924,32.40950393676758
fact_0042,12,trailing_space,space_before_qmark,True,True,correct_correct,0.011394977569580078,19.14583396911621
fact_0042,12,trailing_space,no_qmark,True,False,correct_wrong,0.04403698444366455,38.26350021362305
fact_0042,12,trailing_space,lower_first_char,True,True,correct_correct,0.01643061637878418,22.677509307861328
fact_0042,12,trailing_space,double_first_space,True,True,correct_correct,0.005882561206817627,13.603104591369629
fact_0042,12,space_before_qmark,no_qmark,True,False,correct_wrong,0.040341198444366455,36.855411529541016
fact_0042,12,space_before_qmark,lower_first_char,True,True,correct_correct,0.02406710386276245,26.859098434448242
fact_0042,12,space_before_qmark,double_first_space,True,True,correct_correct,0.010500729084014893,18.174341201782227
fact_0042,12,no_qmark,lower_first_char,False,True,correct_wrong,0.04399514198303223,38.262752532958984
fact_0042,12,no_qmark,double_first_space,False,True,correct_wrong,0.04288887977600098,37.759605407714844
fact_0042,12,lower_first_char,double_first_space,True,True,correct_correct,0.016117393970489502,22.307924270629883
fact_0043,6,original,leading_space,True,True,correct_correct,0.030919671058654785,17.596715927124023
fact_0043,6,original,trailing_space,True,True,correct_correct,0.00997239351272583,9.98345947265625
fact_0043,6,original,space_before_qmark,True,True,correct_correct,0.00596165657043457,7.6665730476379395
fact_0043,6,original,no_qmark,True,False,correct_wrong,0.03213310241699219,17.983745574951172
fact_0043,6,original,lower_first_char,True,True,correct_correct,0.017078936100006104,12.96591854095459
fact_0043,6,original,double_first_space,True,True,correct_correct,0.009411871433258057,9.664999961853027
fact_0043,6,leading_space,trailing_space,True,True,correct_correct,0.033800721168518066,18.475645065307617
fact_0043,6,leading_space,space_before_qmark,True,True,correct_correct,0.03340095281600952,18.318336486816406
fact_0043,6,leading_space,no_qmark,True,False,correct_wrong,0.059550344944000244,24.630157470703125
fact_0043,6,leading_space,lower_first_char,True,True,correct_correct,0.04769694805145264,21.889965057373047
fact_0043,6,leading_space,double_first_space,True,True,correct_correct,0.02868497371673584,17.00107765197754
fact_0043,6,trailing_space,space_before_qmark,True,True,correct_correct,0.012333691120147705,11.095200538635254
fact_0043,6,trailing_space,no_qmark,True,False,correct_wrong,0.044158875942230225,21.154909133911133
fact_0043,6,trailing_space,lower_first_char,True,True,correct_correct,0.026267051696777344,16.1887264251709
fact_0043,6,trailing_space,double_first_space,True,True,correct_correct,0.011220932006835938,10.595720291137695
fact_0043,6,space_before_qmark,no_qmark,True,False,correct_wrong,0.031571030616760254,17.851734161376953
fact_0043,6,space_before_qmark,lower_first_char,True,True,correct_correct,0.02003026008605957,14.079879760742188
fact_0043,6,space_before_qmark,double_first_space,True,True,correct_correct,0.013392329216003418,11.534317970275879
fact_0043,6,no_qmark,lower_first_char,False,True,correct_wrong,0.05073440074920654,22.619976043701172
fact_0043,6,no_qmark,double_first_space,False,True,correct_wrong,0.03807473182678223,19.62263298034668
fact_0043,6,lower_first_char,double_first_space,True,True,correct_correct,0.02783191204071045,16.632648468017578
fact_0043,9,original,leading_space,True,True,correct_correct,0.029269039630889893,26.169174194335938
fact_0043,9,original,trailing_space,True,True,correct_correct,0.005329310894012451,11.707748413085938
fact_0043,9,original,space_before_qmark,True,True,correct_correct,0.0043669939041137695,10.13170051574707
fact_0043,9,original,no_qmark,True,False,correct_wrong,0.01845574378967285,21.975385665893555
fact_0043,9,original,lower_first_char,True,True,correct_correct,0.011167645454406738,16.168254852294922
fact_0043,9,original,double_first_space,True,True,correct_correct,0.005777597427368164,11.790374755859375
fact_0043,9,leading_space,trailing_space,True,True,correct_correct,0.032655537128448486,28.75876808166504
fact_0043,9,leading_space,space_before_qmark,True,True,correct_correct,0.03437429666519165,28.386470794677734
fact_0043,9,leading_space,no_qmark,True,False,correct_wrong,0.045567989349365234,34.55086135864258
fact_0043,9,leading_space,lower_first_char,True,True,correct_correct,0.04020655155181885,30.471786499023438
fact_0043,9,leading_space,double_first_space,True,True,correct_correct,0.02554190158843994,25.131145477294922
fact_0043,9,trailing_space,space_before_qmark,True,True,correct_correct,0.009472250938415527,15.33285903930664
fact_0043,9,trailing_space,no_qmark,True,False,correct_wrong,0.02470797300338745,25.09031105041504
fact_0043,9,trailing_space,lower_first_char,True,True,correct_correct,0.015457689762115479,19.49398422241211
fact_0043,9,trailing_space,double_first_space,True,True,correct_correct,0.007018923759460449,13.163534164428711
fact_0043,9,space_before_qmark,no_qmark,True,False,correct_wrong,0.020829319953918457,23.210269927978516
fact_0043,9,space_before_qmark,lower_first_char,True,True,correct_correct,0.014987826347351074,18.769123077392578
fact_0043,9,space_before_qmark,double_first_space,True,True,correct_correct,0.009113430976867676,14.758716583251953
fact_0043,9,no_qmark,lower_first_char,False,True,correct_wrong,0.02466481924057007,25.19074058532715
fact_0043,9,no_qmark,double_first_space,False,True,correct_wrong,0.020890891551971436,23.14763641357422
fact_0043,9,lower_first_char,double_first_space,True,True,correct_correct,0.015710413455963135,19.350107192993164
fact_0043,12,original,leading_space,True,True,correct_correct,0.035529255867004395,32.58837127685547
fact_0043,12,original,trailing_space,True,True,correct_correct,0.00425565242767334,11.60953426361084
fact_0043,12,original,space_before_qmark,True,True,correct_correct,0.004859983921051025,12.248791694641113
fact_0043,12,original,no_qmark,True,False,correct_wrong,0.027369201183319092,31.59108543395996
fact_0043,12,original,lower_first_char,True,True,correct_correct,0.01166224479675293,18.788108825683594
fact_0043,12,original,double_first_space,True,True,correct_correct,0.00565570592880249,13.128785133361816
fact_0043,12,leading_space,trailing_space,True,True,correct_correct,0.03479224443435669,32.764183044433594
fact_0043,12,leading_space,space_before_qmark,True,True,correct_correct,0.039585232734680176,33.88545227050781
fact_0043,12,leading_space,no_qmark,True,False,correct_wrong,0.06369858980178833,47.10877990722656
fact_0043,12,leading_space,lower_first_char,True,True,correct_correct,0.05092829465866089,38.47974395751953
fact_0043,12,leading_space,double_first_space,True,True,correct_correct,0.03050363063812256,30.278915405273438
fact_0043,12,trailing_space,space_before_qmark,True,True,correct_correct,0.00870746374130249,16.742618560791016
fact_0043,12,trailing_space,no_qmark,True,False,correct_wrong,0.03145116567611694,33.3845100402832
fact_0043,12,trailing_space,lower_first_char,True,True,correct_correct,0.015101134777069092,21.75213623046875
fact_0043,12,trailing_space,double_first_space,True,True,correct_correct,0.005916714668273926,13.6275634765625
fact_0043,12,space_before_qmark,no_qmark,True,False,correct_wrong,0.028628528118133545,32.72437286376953
fact_0043,12,space_before_qmark,lower_first_char,True,True,correct_correct,0.015644192695617676,21.456066131591797
fact_0043,12,space_before_qmark,double_first_space,True,True,correct_correct,0.009710967540740967,17.212804794311523
fact_0043,12,no_qmark,lower_first_char,False,True,correct_wrong,0.02800661325454712,32.34686279296875
fact_0043,12,no_qmark,double_first_space,False,True,correct_wrong,0.028597235679626465,32.189720153808594
fact_0043,12,lower_first_char,double_first_space,True,True,correct_correct,0.014628171920776367,21.052894592285156
fact_0047,6,original,leading_space,True,False,correct_wrong,0.025673508644104004,15.799055099487305
fact_0047,6,original,trailing_space,True,True,correct_correct,0.00970304012298584,9.664172172546387
fact_0047,6,original,space_before_qmark,True,True,correct_correct,0.006036281585693359,7.756180286407471
fact_0047,6,original,no_qmark,True,True,correct_correct,0.03015965223312378,17.543214797973633
fact_0047,6,original,lower_first_char,True,True,correct_correct,0.011234521865844727,10.483953475952148
fact_0047,6,original,double_first_space,True,False,correct_wrong,0.0072591304779052734,8.363652229309082
fact_0047,6,leading_space,trailing_space,False,True,correct_wrong,0.030467987060546875,17.218177795410156
fact_0047,6,leading_space,space_before_qmark,False,True,correct_wrong,0.02852046489715576,16.77413558959961
fact_0047,6,leading_space,no_qmark,False,True,correct_wrong,0.05382645130157471,23.366539001464844
fact_0047,6,leading_space,lower_first_char,False,True,correct_wrong,0.03721976280212402,19.11792755126953
fact_0047,6,leading_space,double_first_space,False,False,wrong_wrong,0.023189425468444824,15.028194427490234
fact_0047,6,trailing_space,space_before_qmark,True,True,correct_correct,0.013142049312591553,11.379867553710938
fact_0047,6,trailing_space,no_qmark,True,True,correct_correct,0.04181993007659912,20.595197677612305
fact_0047,6,trailing_space,lower_first_char,True,True,correct_correct,0.020336031913757324,14.090925216674805
fact_0047,6,trailing_space,double_first_space,True,False,correct_wrong,0.010594367980957031,10.110029220581055
fact_0047,6,space_before_qmark,no_qmark,True,True,correct_correct,0.02373349666595459,15.583351135253906
fact_0047,6,space_before_qmark,lower_first_char,True,True,correct_correct,0.01761382818222046,13.19401741027832
fact_0047,6,space_before_qmark,double_first_space,True,False,correct_wrong,0.012233614921569824,10.982093811035156
fact_0047,6,no_qmark,lower_first_char,True,True,correct_correct,0.043980538845062256,21.146398544311523
fact_0047,6,no_qmark,double_first_space,True,False,correct_wrong,0.033823490142822266,18.554515838623047
fact_0047,6,lower_first_char,double_first_space,True,False,correct_wrong,0.01953732967376709,13.81503963470459
fact_0047,9,original,leading_space,True,False,correct_wrong,0.030149877071380615,26.024797439575195
fact_0047,9,original,trailing_space,True,True,correct_correct,0.007313132286071777,13.201848030090332
fact_0047,9,original,space_before_qmark,True,True,correct_correct,0.005258440971374512,10.904004096984863
fact_0047,9,original,no_qmark,True,True,correct_correct,0.02187645435333252,22.45465660095215
fact_0047,9,original,lower_first_char,True,True,correct_correct,0.010253489017486572,15.606093406677246
fact_0047,9,original,double_first_space,True,False,correct_wrong,0.006688714027404785,12.394599914550781
fact_0047,9,leading_space,trailing_space,False,True,correct_wrong,0.03254246711730957,27.81325340270996
fact_0047,9,leading_space,space_before_qmark,False,True,correct_wrong,0.038271546363830566,29.134784698486328
fact_0047,9,leading_space,no_qmark,False,True,correct_wrong,0.05174112319946289,34.26941680908203
fact_0047,9,leading_space,lower_first_char,False,True,correct_wrong,0.03955578804016113,30.525407791137695
fact_0047,9,leading_space,double_first_space,False,False,wrong_wrong,0.02627718448638916,24.69969940185547
fact_0047,9,trailing_space,space_before_qmark,True,True,correct_correct,0.012770116329193115,17.34334373474121
fact_0047,9,trailing_space,no_qmark,True,True,correct_correct,0.030155658721923828,26.600128173828125
fact_0047,9,trailing_space,lower_first_char,True,True,correct_correct,0.013416886329650879,17.81752586364746
fact_0047,9,trailing_space,double_first_space,True,False,correct_wrong,0.005891084671020508,11.799203872680664
fact_0047,9,space_before_qmark,no_qmark,True,True,correct_correct,0.015704691410064697,19.03993797302246
fact_0047,9,space_before_qmark,lower_first_char,True,True,correct_correct,0.015617132186889648,19.184967041015625
fact_0047,9,space_before_qmark,double_first_space,True,False,correct_wrong,0.011528253555297852,16.250865936279297
fact_0047,9,no_qmark,lower_first_char,True,True,correct_correct,0.03041452169418335,26.742712020874023
fact_0047,9,no_qmark,double_first_space,True,False,correct_wrong,0.026546955108642578,24.797077178955078
fact_0047,9,lower_first_char,double_first_space,True,False,correct_wrong,0.013506114482879639,17.830286026000977
fact_0047,12,original,leading_space,True,False,correct_wrong,0.045249342918395996,38.77260971069336
fact_0047,12,original,trailing_space,True,True,correct_correct,0.008907794952392578,17.20924186706543
fact_0047,12,original,space_before_qmark,True,True,correct_correct,0.006947517395019531,14.9564208984375
fact_0047,12,original,no_qmark,True,True,correct_correct,0.031594157218933105,32.09895324707031
fact_0047,12,original,lower_first_char,True,True,correct_correct,0.010160386562347412,17.919538497924805
fact_0047,12,original,double_first_space,True,False,correct_wrong,0.010121703147888184,18.54033088684082
fact_0047,12,leading_space,trailing_space,False,True,correct_wrong,0.03877466917037964,36.08811569213867
fact_0047,12,leading_space,space_before_qmark,False,True,correct_wrong,0.0634164810180664,45.66120529174805
fact_0047,12,leading_space,no_qmark,False,True,correct_wrong,0.071064293384552,48.819332122802734
fact_0047,12,leading_space,lower_first_char,False,True,correct_wrong,0.05226367712020874,41.59767532348633
fact_0047,12,leading_space,double_first_space,False,False,wrong_wrong,0.03085261583328247,32.282310485839844
fact_0047,12,trailing_space,space_before_qmark,True,True,correct_correct,0.01767873764038086,24.316356658935547
fact_0047,12,trailing_space,no_qmark,True,True,correct_correct,0.034986793994903564,34.02711868286133
fact_0047,12,trailing_space,lower_first_char,True,True,correct_correct,0.015240609645843506,22.429973602294922
fact_0047,12,trailing_space,double_first_space,True,False,correct_wrong,0.005313396453857422,13.345065116882324
fact_0047,12,space_before_qmark,no_qmark,True,True,correct_correct,0.02874159812927246,30.659099578857422
fact_0047,12,space_before_qmark,lower_first_char,True,True,correct_correct,0.016143798828125,22.413137435913086
fact_0047,12,space_before_qmark,double_first_space,True,False,correct_wrong,0.021201491355895996,26.81202507019043
fact_0047,12,no_qmark,lower_first_char,True,True,correct_correct,0.03441208600997925,33.459354400634766
fact_0047,12,no_qmark,double_first_space,True,False,correct_wrong,0.03448617458343506,33.919193267822266
fact_0047,12,lower_first_char,double_first_space,True,False,correct_wrong,0.01575678586959839,23.034957885742188
fact_0059,6,original,leading_space,False,False,wrong_wrong,0.027952373027801514,16.303205490112305
fact_0059,6,original,trailing_space,False,False,wrong_wrong,0.009772539138793945,9.55562973022461
fact_0059,6,original,space_before_qmark,False,False,wrong_wrong,0.006089687347412109,7.494856357574463
fact_0059,6,original,no_qmark,False,True,correct_wrong,0.0462077260017395,21.28655433654785
fact_0059,6,original,lower_first_char,False,False,wrong_wrong,0.016685903072357178,12.552313804626465
fact_0059,6,original,double_first_space,False,False,wrong_wrong,0.008878707885742188,9.138837814331055
fact_0059,6,leading_space,trailing_space,False,False,wrong_wrong,0.03221970796585083,17.531394958496094
fact_0059,6,leading_space,space_before_qmark,False,False,wrong_wrong,0.0295943021774292,16.77559471130371
fact_0059,6,leading_space,no_qmark,False,True,correct_wrong,0.07028883695602417,26.331884384155273
fact_0059,6,leading_space,lower_first_char,False,False,wrong_wrong,0.04401475191116333,20.53950309753418
fact_0059,6,leading_space,double_first_space,False,False,wrong_wrong,0.02627694606781006,15.84880256652832
fact_0059,6,trailing_space,space_before_qmark,False,False,wrong_wrong,0.013038933277130127,11.034219741821289
fact_0059,6,trailing_space,no_qmark,False,True,correct_wrong,0.05637878179550171,23.509496688842773
fact_0059,6,trailing_space,lower_first_char,False,False,wrong_wrong,0.026536226272583008,15.847678184509277
fact_0059,6,trailing_space,double_first_space,False,False,wrong_wrong,0.011005699634552002,10.180877685546875
fact_0059,6,space_before_qmark,no_qmark,False,True,correct_wrong,0.04449230432510376,20.89734649658203
fact_0059,6,space_before_qmark,lower_first_char,False,False,wrong_wrong,0.019801676273345947,13.667667388916016
fact_0059,6,space_before_qmark,double_first_space,False,False,wrong_wrong,0.013443052768707275,11.22897720336914
fact_0059,6,no_qmark,lower_first_char,True,False,correct_wrong,0.06494396924972534,25.264122009277344
fact_0059,6,no_qmark,double_first_space,True,False,correct_wrong,0.05128353834152222,22.444427490234375
fact_0059,6,lower_first_char,double_first_space,False,False,wrong_wrong,0.0276639461517334,16.197959899902344
fact_0059,9,original,leading_space,False,False,wrong_wrong,0.030263662338256836,26.216995239257812
fact_0059,9,original,trailing_space,False,False,wrong_wrong,0.006219029426574707,12.446208000183105
fact_0059,9,original,space_before_qmark,False,False,wrong_wrong,0.003988206386566162,9.534259796142578
fact_0059,9,original,no_qmark,False,True,correct_wrong,0.029314875602722168,26.815792083740234
fact_0059,9,original,lower_first_char,False,False,wrong_wrong,0.01176828145980835,16.389944076538086
fact_0059,9,original,double_first_space,False,False,wrong_wrong,0.00618058443069458,11.994257926940918
fact_0059,9,leading_space,trailing_space,False,False,wrong_wrong,0.03712868690490723,30.061548233032227
fact_0059,9,leading_space,space_before_qmark,False,False,wrong_wrong,0.03626924753189087,28.27701187133789
fact_0059,9,leading_space,no_qmark,False,True,correct_wrong,0.05566763877868652,36.940181732177734
fact_0059,9,leading_space,lower_first_char,False,False,wrong_wrong,0.03987586498260498,29.962724685668945
fact_0059,9,leading_space,double_first_space,False,False,wrong_wrong,0.02680063247680664,25.213197708129883
fact_0059,9,trailing_space,space_before_qmark,False,False,wrong_wrong,0.007635354995727539,13.886493682861328
fact_0059,9,trailing_space,no_qmark,False,True,correct_wrong,0.03279411792755127,28.36858558654785
fact_0059,9,trailing_space,lower_first_char,False,False,wrong_wrong,0.017107248306274414,20.238311767578125
fact_0059,9,trailing_space,double_first_space,False,False,wrong_wrong,0.006805539131164551,12.82882022857666
fact_0059,9,space_before_qmark,no_qmark,False,True,correct_wrong,0.02605581283569336,25.408329010009766
fact_0059,9,space_before_qmark,lower_first_char,False,False,wrong_wrong,0.01649695634841919,19.353063583374023
fact_0059,9,space_before_qmark,double_first_space,False,False,wrong_wrong,0.008436620235443115,14.042032241821289
fact_0059,9,no_qmark,lower_first_char,True,False,correct_wrong,0.04088503122329712,31.53130531311035
fact_0059,9,no_qmark,double_first_space,True,False,correct_wrong,0.028952598571777344,26.615903854370117
fact_0059,9,lower_first_char,double_first_space,False,False,wrong_wrong,0.016236603260040283,19.38545799255371
fact_0059,12,original,leading_space,False,False,wrong_wrong,0.037569522857666016,34.15078353881836
fact_0059,12,original,trailing_space,False,False,wrong_wrong,0.006446123123168945,14.318463325500488
fact_0059,12,original,space_before_qmark,False,False,wrong_wrong,0.006260573863983154,13.64360237121582
fact_0059,12,original,no_qmark,False,True,correct_wrong,0.038564085960388184,35.7206916809082
fact_0059,12,original,lower_first_char,False,False,wrong_wrong,0.014960169792175293,21.499773025512695
fact_0059,12,original,double_first_space,False,False,wrong_wrong,0.007753968238830566,15.763522148132324
fact_0059,12,leading_space,trailing_space,False,False,wrong_wrong,0.03935450315475464,35.139442443847656
fact_0059,12,leading_space,space_before_qmark,False,False,wrong_wrong,0.050038158893585205,39.28461837768555
fact_0059,12,leading_space,no_qmark,False,True,correct_wrong,0.0648423433303833,46.09062194824219
fact_0059,12,leading_space,lower_first_char,False,False,wrong_wrong,0.04241764545440674,36.47425842285156
fact_0059,12,leading_space,double_first_space,False,False,wrong_wrong,0.030697643756866455,31.082096099853516
fact_0059,12,trailing_space,space_before_qmark,False,False,wrong_wrong,0.01081615686416626,18.705917358398438
fact_0059,12,trailing_space,no_qmark,False,True,correct_wrong,0.038833796977996826,35.718894958496094
fact_0059,12,trailing_space,lower_first_char,False,False,wrong_wrong,0.018614590167999268,24.037879943847656
fact_0059,12,trailing_space,double_first_space,False,False,wrong_wrong,0.0051138997077941895,12.632436752319336
fact_0059,12,space_before_qmark,no_qmark,False,True,correct_wrong,0.03455996513366699,34.20665740966797
fact_0059,12,space_before_qmark,lower_first_char,False,False,wrong_wrong,0.02739626169204712,29.015642166137695
fact_0059,12,space_before_qmark,double_first_space,False,False,wrong_wrong,0.013749003410339355,21.06121826171875
fact_0059,12,no_qmark,lower_first_char,True,False,correct_wrong,0.05332303047180176,41.74903106689453
fact_0059,12,no_qmark,double_first_space,True,False,correct_wrong,0.03605586290359497,34.44255828857422
fact_0059,12,lower_first_char,double_first_space,False,False,wrong_wrong,0.017379403114318848,23.273883819580078
