fact_id,variant_id,question,original_question,correct_answer,possible_answers,type
fact_0000,original,Who is the father of Zhengde Emperor?,Who is the father of Zhengde Emperor?,Hongzhi Emperor,"[""Hongzhi Emperor"", ""Zhu Youcheng"", ""Datianmingdaochunchengzhongzhengshengwenshenwuzhirendadejinghuangdi"", ""Hongzhi"", ""Zhu Youtang"", ""Xiao Zong"", ""Jing Di""]",father
fact_0000,answer_briefly,Who is the father of Zhengde Emperor? Answer briefly.,Who is the father of Zhengde Emperor?,Hongzhi Emperor,"[""Hongzhi Emperor"", ""Zhu Youcheng"", ""Datianmingdaochunchengzhongzhengshengwenshenwuzhirendadejinghuangdi"", ""Hongzhi"", ""Zhu Youtang"", ""Xiao Zong"", ""Jing Di""]",father
fact_0000,no_explanation,Who is the father of Zhengde Emperor? Give only the answer.,Who is the father of Zhengde Emperor?,Hongzhi Emperor,"[""Hongzhi Emperor"", ""Zhu Youcheng"", ""Datianmingdaochunchengzhongzhengshengwenshenwuzhirendadejinghuangdi"", ""Hongzhi"", ""Zhu Youtang"", ""Xiao Zong"", ""Jing Di""]",father
fact_0000,direct_answer,Directly answer this factual question: Who is the father of Zhengde Emperor?,Who is the father of Zhengde Emperor?,Hongzhi Emperor,"[""Hongzhi Emperor"", ""Zhu Youcheng"", ""Datianmingdaochunchengzhongzhengshengwenshenwuzhirendadejinghuangdi"", ""Hongzhi"", ""Zhu Youtang"", ""Xiao Zong"", ""Jing Di""]",father
fact_0001,original,Who was the composer of Samson?,Who was the composer of Samson?,George Frideric Handel,"[""George Frideric Handel"", ""Handel"", ""G. F. Handel"", ""Georg Friedrich Händel"", ""George Frederick Handel"", ""G. F. Händel"", ""Händel"", ""George Frideric""]",composer
fact_0001,short_direct,Who is the composer of Samson?,Who was the composer of Samson?,George Frideric Handel,"[""George Frideric Handel"", ""Handel"", ""G. F. Handel"", ""Georg Friedrich Händel"", ""George Frederick Handel"", ""G. F. Händel"", ""Händel"", ""George Frideric""]",composer
fact_0001,answer_briefly,Who was the composer of Samson? Answer briefly.,Who was the composer of Samson?,George Frideric Handel,"[""George Frideric Handel"", ""Handel"", ""G. F. Handel"", ""Georg Friedrich Händel"", ""George Frederick Handel"", ""G. F. Händel"", ""Händel"", ""George Frideric""]",composer
fact_0001,no_explanation,Who was the composer of Samson? Give only the answer.,Who was the composer of Samson?,George Frideric Handel,"[""George Frideric Handel"", ""Handel"", ""G. F. Handel"", ""Georg Friedrich Händel"", ""George Frederick Handel"", ""G. F. Händel"", ""Händel"", ""George Frideric""]",composer
fact_0001,direct_answer,Directly answer this factual question: Who was the composer of Samson?,Who was the composer of Samson?,George Frideric Handel,"[""George Frideric Handel"", ""Handel"", ""G. F. Handel"", ""Georg Friedrich Händel"", ""George Frederick Handel"", ""G. F. Händel"", ""Händel"", ""George Frideric""]",composer
fact_0002,original,Who was the producer of Reds?,Who was the producer of Reds?,Warren Beatty,"[""Warren Beatty"", ""Henry Warren Beaty"", ""Henry Warren Beatty""]",producer
fact_0002,short_direct,Who is the producer of Reds?,Who was the producer of Reds?,Warren Beatty,"[""Warren Beatty"", ""Henry Warren Beaty"", ""Henry Warren Beatty""]",producer
fact_0002,answer_briefly,Who was the producer of Reds? Answer briefly.,Who was the producer of Reds?,Warren Beatty,"[""Warren Beatty"", ""Henry Warren Beaty"", ""Henry Warren Beatty""]",producer
fact_0002,no_explanation,Who was the producer of Reds? Give only the answer.,Who was the producer of Reds?,Warren Beatty,"[""Warren Beatty"", ""Henry Warren Beaty"", ""Henry Warren Beatty""]",producer
fact_0002,direct_answer,Directly answer this factual question: Who was the producer of Reds?,Who was the producer of Reds?,Warren Beatty,"[""Warren Beatty"", ""Henry Warren Beaty"", ""Henry Warren Beatty""]",producer
fact_0003,original,Who was the producer of Mission Kashmir?,Who was the producer of Mission Kashmir?,Vidhu Vinod Chopra,"[""Vidhu Vinod Chopra""]",producer
fact_0003,short_direct,Who is the producer of Mission Kashmir?,Who was the producer of Mission Kashmir?,Vidhu Vinod Chopra,"[""Vidhu Vinod Chopra""]",producer
fact_0003,answer_briefly,Who was the producer of Mission Kashmir? Answer briefly.,Who was the producer of Mission Kashmir?,Vidhu Vinod Chopra,"[""Vidhu Vinod Chopra""]",producer
fact_0003,no_explanation,Who was the producer of Mission Kashmir? Give only the answer.,Who was the producer of Mission Kashmir?,Vidhu Vinod Chopra,"[""Vidhu Vinod Chopra""]",producer
fact_0003,direct_answer,Directly answer this factual question: Who was the producer of Mission Kashmir?,Who was the producer of Mission Kashmir?,Vidhu Vinod Chopra,"[""Vidhu Vinod Chopra""]",producer
fact_0004,original,Who was the composer of Cabaret?,Who was the composer of Cabaret?,John Kander,"[""John Kander"", ""John Harold Kander""]",composer
fact_0004,short_direct,Who is the composer of Cabaret?,Who was the composer of Cabaret?,John Kander,"[""John Kander"", ""John Harold Kander""]",composer
fact_0004,answer_briefly,Who was the composer of Cabaret? Answer briefly.,Who was the composer of Cabaret?,John Kander,"[""John Kander"", ""John Harold Kander""]",composer
fact_0004,no_explanation,Who was the composer of Cabaret? Give only the answer.,Who was the composer of Cabaret?,John Kander,"[""John Kander"", ""John Harold Kander""]",composer
fact_0004,direct_answer,Directly answer this factual question: Who was the composer of Cabaret?,Who was the composer of Cabaret?,John Kander,"[""John Kander"", ""John Harold Kander""]",composer
fact_0005,original,Who is the author of The Whole Family?,Who is the author of The Whole Family?,Henry James,"[""Henry James"", ""Henricus James"", ""Alice Brown"", ""William Dean Howells"", ""William Howells"", ""Elizabeth Jordan"", ""Elizabeth Garver Jordan""]",author
fact_0005,answer_briefly,Who is the author of The Whole Family? Answer briefly.,Who is the author of The Whole Family?,Henry James,"[""Henry James"", ""Henricus James"", ""Alice Brown"", ""William Dean Howells"", ""William Howells"", ""Elizabeth Jordan"", ""Elizabeth Garver Jordan""]",author
fact_0005,no_explanation,Who is the author of The Whole Family? Give only the answer.,Who is the author of The Whole Family?,Henry James,"[""Henry James"", ""Henricus James"", ""Alice Brown"", ""William Dean Howells"", ""William Howells"", ""Elizabeth Jordan"", ""Elizabeth Garver Jordan""]",author
fact_0005,direct_answer,Directly answer this factual question: Who is the author of The Whole Family?,Who is the author of The Whole Family?,Henry James,"[""Henry James"", ""Henricus James"", ""Alice Brown"", ""William Dean Howells"", ""William Howells"", ""Elizabeth Jordan"", ""Elizabeth Garver Jordan""]",author
fact_0006,original,Who was the composer of Introduction and Allegro?,Who was the composer of Introduction and Allegro?,Maurice Ravel,"[""Maurice Ravel"", ""Joseph-Maurice Ravel"", ""Maurice Joseph Ravel""]",composer
fact_0006,short_direct,Who is the composer of Introduction and Allegro?,Who was the composer of Introduction and Allegro?,Maurice Ravel,"[""Maurice Ravel"", ""Joseph-Maurice Ravel"", ""Maurice Joseph Ravel""]",composer
fact_0006,answer_briefly,Who was the composer of Introduction and Allegro? Answer briefly.,Who was the composer of Introduction and Allegro?,Maurice Ravel,"[""Maurice Ravel"", ""Joseph-Maurice Ravel"", ""Maurice Joseph Ravel""]",composer
fact_0006,no_explanation,Who was the composer of Introduction and Allegro? Give only the answer.,Who was the composer of Introduction and Allegro?,Maurice Ravel,"[""Maurice Ravel"", ""Joseph-Maurice Ravel"", ""Maurice Joseph Ravel""]",composer
fact_0006,direct_answer,Directly answer this factual question: Who was the composer of Introduction and Allegro?,Who was the composer of Introduction and Allegro?,Maurice Ravel,"[""Maurice Ravel"", ""Joseph-Maurice Ravel"", ""Maurice Joseph Ravel""]",composer
fact_0007,original,Who was the screenwriter for Uzak?,Who was the screenwriter for Uzak?,Nuri Bilge Ceylan,"[""Nuri Bilge Ceylan""]",screenwriter
fact_0007,short_direct,Who is the screenwriter for Uzak?,Who was the screenwriter for Uzak?,Nuri Bilge Ceylan,"[""Nuri Bilge Ceylan""]",screenwriter
fact_0007,answer_briefly,Who was the screenwriter for Uzak? Answer briefly.,Who was the screenwriter for Uzak?,Nuri Bilge Ceylan,"[""Nuri Bilge Ceylan""]",screenwriter
fact_0007,no_explanation,Who was the screenwriter for Uzak? Give only the answer.,Who was the screenwriter for Uzak?,Nuri Bilge Ceylan,"[""Nuri Bilge Ceylan""]",screenwriter
fact_0007,direct_answer,Directly answer this factual question: Who was the screenwriter for Uzak?,Who was the screenwriter for Uzak?,Nuri Bilge Ceylan,"[""Nuri Bilge Ceylan""]",screenwriter
fact_0008,original,Who was the producer of The Descendants?,Who was the producer of The Descendants?,Alexander Payne,"[""Alexander Payne""]",producer
fact_0008,short_direct,Who is the producer of The Descendants?,Who was the producer of The Descendants?,Alexander Payne,"[""Alexander Payne""]",producer
fact_0008,answer_briefly,Who was the producer of The Descendants? Answer briefly.,Who was the producer of The Descendants?,Alexander Payne,"[""Alexander Payne""]",producer
fact_0008,no_explanation,Who was the producer of The Descendants? Give only the answer.,Who was the producer of The Descendants?,Alexander Payne,"[""Alexander Payne""]",producer
fact_0008,direct_answer,Directly answer this factual question: Who was the producer of The Descendants?,Who was the producer of The Descendants?,Alexander Payne,"[""Alexander Payne""]",producer
fact_0009,original,Who was the screenwriter for One Life?,Who was the screenwriter for One Life?,Alexandre Astruc,"[""Alexandre Astruc""]",screenwriter
fact_0009,short_direct,Who is the screenwriter for One Life?,Who was the screenwriter for One Life?,Alexandre Astruc,"[""Alexandre Astruc""]",screenwriter
fact_0009,answer_briefly,Who was the screenwriter for One Life? Answer briefly.,Who was the screenwriter for One Life?,Alexandre Astruc,"[""Alexandre Astruc""]",screenwriter
fact_0009,no_explanation,Who was the screenwriter for One Life? Give only the answer.,Who was the screenwriter for One Life?,Alexandre Astruc,"[""Alexandre Astruc""]",screenwriter
fact_0009,direct_answer,Directly answer this factual question: Who was the screenwriter for One Life?,Who was the screenwriter for One Life?,Alexandre Astruc,"[""Alexandre Astruc""]",screenwriter
fact_0010,original,Who was the composer of Walker?,Who was the composer of Walker?,Joe Strummer,"[""Joe Strummer"", ""John Graham Mellor""]",composer
fact_0010,short_direct,Who is the composer of Walker?,Who was the composer of Walker?,Joe Strummer,"[""Joe Strummer"", ""John Graham Mellor""]",composer
fact_0010,answer_briefly,Who was the composer of Walker? Answer briefly.,Who was the composer of Walker?,Joe Strummer,"[""Joe Strummer"", ""John Graham Mellor""]",composer
fact_0010,no_explanation,Who was the composer of Walker? Give only the answer.,Who was the composer of Walker?,Joe Strummer,"[""Joe Strummer"", ""John Graham Mellor""]",composer
fact_0010,direct_answer,Directly answer this factual question: Who was the composer of Walker?,Who was the composer of Walker?,Joe Strummer,"[""Joe Strummer"", ""John Graham Mellor""]",composer
fact_0011,original,Who is the author of Camino Real?,Who is the author of Camino Real?,Tennessee Williams,"[""Tennessee Williams"", ""Thomas Lanier Williams III"", ""Thomas Lanier Williams"", ""Thomas Williams""]",author
fact_0011,answer_briefly,Who is the author of Camino Real? Answer briefly.,Who is the author of Camino Real?,Tennessee Williams,"[""Tennessee Williams"", ""Thomas Lanier Williams III"", ""Thomas Lanier Williams"", ""Thomas Williams""]",author
fact_0011,no_explanation,Who is the author of Camino Real? Give only the answer.,Who is the author of Camino Real?,Tennessee Williams,"[""Tennessee Williams"", ""Thomas Lanier Williams III"", ""Thomas Lanier Williams"", ""Thomas Williams""]",author
fact_0011,direct_answer,Directly answer this factual question: Who is the author of Camino Real?,Who is the author of Camino Real?,Tennessee Williams,"[""Tennessee Williams"", ""Thomas Lanier Williams III"", ""Thomas Lanier Williams"", ""Thomas Williams""]",author
fact_0012,original,Who was the director of Nightmare?,Who was the director of Nightmare?,Freddie Francis,"[""Freddie Francis"", ""Frederick William Francis""]",director
fact_0012,short_direct,Who is the director of Nightmare?,Who was the director of Nightmare?,Freddie Francis,"[""Freddie Francis"", ""Frederick William Francis""]",director
fact_0012,answer_briefly,Who was the director of Nightmare? Answer briefly.,Who was the director of Nightmare?,Freddie Francis,"[""Freddie Francis"", ""Frederick William Francis""]",director
fact_0012,no_explanation,Who was the director of Nightmare? Give only the answer.,Who was the director of Nightmare?,Freddie Francis,"[""Freddie Francis"", ""Frederick William Francis""]",director
fact_0012,direct_answer,Directly answer this factual question: Who was the director of Nightmare?,Who was the director of Nightmare?,Freddie Francis,"[""Freddie Francis"", ""Frederick William Francis""]",director
fact_0013,original,Who was the director of The Doors?,Who was the director of The Doors?,Oliver Stone,"[""Oliver Stone"", ""William Oliver Stone""]",director
fact_0013,short_direct,Who is the director of The Doors?,Who was the director of The Doors?,Oliver Stone,"[""Oliver Stone"", ""William Oliver Stone""]",director
fact_0013,answer_briefly,Who was the director of The Doors? Answer briefly.,Who was the director of The Doors?,Oliver Stone,"[""Oliver Stone"", ""William Oliver Stone""]",director
fact_0013,no_explanation,Who was the director of The Doors? Give only the answer.,Who was the director of The Doors?,Oliver Stone,"[""Oliver Stone"", ""William Oliver Stone""]",director
fact_0013,direct_answer,Directly answer this factual question: Who was the director of The Doors?,Who was the director of The Doors?,Oliver Stone,"[""Oliver Stone"", ""William Oliver Stone""]",director
fact_0014,original,Who was the composer of The Mission?,Who was the composer of The Mission?,Ennio Morricone,"[""Ennio Morricone"", ""Dan Savio"", ""Leo Nichols""]",composer
fact_0014,short_direct,Who is the composer of The Mission?,Who was the composer of The Mission?,Ennio Morricone,"[""Ennio Morricone"", ""Dan Savio"", ""Leo Nichols""]",composer
fact_0014,answer_briefly,Who was the composer of The Mission? Answer briefly.,Who was the composer of The Mission?,Ennio Morricone,"[""Ennio Morricone"", ""Dan Savio"", ""Leo Nichols""]",composer
fact_0014,no_explanation,Who was the composer of The Mission? Give only the answer.,Who was the composer of The Mission?,Ennio Morricone,"[""Ennio Morricone"", ""Dan Savio"", ""Leo Nichols""]",composer
fact_0014,direct_answer,Directly answer this factual question: Who was the composer of The Mission?,Who was the composer of The Mission?,Ennio Morricone,"[""Ennio Morricone"", ""Dan Savio"", ""Leo Nichols""]",composer
fact_0015,original,Who was the director of Nashville?,Who was the director of Nashville?,Robert Altman,"[""Robert Altman""]",director
fact_0015,short_direct,Who is the director of Nashville?,Who was the director of Nashville?,Robert Altman,"[""Robert Altman""]",director
fact_0015,answer_briefly,Who was the director of Nashville? Answer briefly.,Who was the director of Nashville?,Robert Altman,"[""Robert Altman""]",director
fact_0015,no_explanation,Who was the director of Nashville? Give only the answer.,Who was the director of Nashville?,Robert Altman,"[""Robert Altman""]",director
fact_0015,direct_answer,Directly answer this factual question: Who was the director of Nashville?,Who was the director of Nashville?,Robert Altman,"[""Robert Altman""]",director
fact_0016,original,Who is the author of The Wild Duck?,Who is the author of The Wild Duck?,Henrik Ibsen,"[""Henrik Ibsen"", ""Henrik Johan Ibsen"", ""Henrich Johan Ibsen"", ""Henrich Ibsen""]",author
fact_0016,answer_briefly,Who is the author of The Wild Duck? Answer briefly.,Who is the author of The Wild Duck?,Henrik Ibsen,"[""Henrik Ibsen"", ""Henrik Johan Ibsen"", ""Henrich Johan Ibsen"", ""Henrich Ibsen""]",author
fact_0016,no_explanation,Who is the author of The Wild Duck? Give only the answer.,Who is the author of The Wild Duck?,Henrik Ibsen,"[""Henrik Ibsen"", ""Henrik Johan Ibsen"", ""Henrich Johan Ibsen"", ""Henrich Ibsen""]",author
fact_0016,direct_answer,Directly answer this factual question: Who is the author of The Wild Duck?,Who is the author of The Wild Duck?,Henrik Ibsen,"[""Henrik Ibsen"", ""Henrik Johan Ibsen"", ""Henrich Johan Ibsen"", ""Henrich Ibsen""]",author
fact_0017,original,In what city was Gintautas Umaras born?,In what city was Gintautas Umaras born?,Kaunas,"[""Kaunas"", ""Kovno"", ""Kovne"", ""Kovna"", ""Kowno"", ""Kauen""]",place of birth
fact_0017,answer_briefly,In what city was Gintautas Umaras born? Answer briefly.,In what city was Gintautas Umaras born?,Kaunas,"[""Kaunas"", ""Kovno"", ""Kovne"", ""Kovna"", ""Kowno"", ""Kauen""]",place of birth
fact_0017,no_explanation,In what city was Gintautas Umaras born? Give only the answer.,In what city was Gintautas Umaras born?,Kaunas,"[""Kaunas"", ""Kovno"", ""Kovne"", ""Kovna"", ""Kowno"", ""Kauen""]",place of birth
fact_0017,direct_answer,Directly answer this factual question: In what city was Gintautas Umaras born?,In what city was Gintautas Umaras born?,Kaunas,"[""Kaunas"", ""Kovno"", ""Kovne"", ""Kovna"", ""Kowno"", ""Kauen""]",place of birth
fact_0018,original,Who is the author of Detective?,Who is the author of Detective?,Arthur Hailey,"[""Arthur Hailey"", ""Arthur Frederick Hailey""]",author
fact_0018,answer_briefly,Who is the author of Detective? Answer briefly.,Who is the author of Detective?,Arthur Hailey,"[""Arthur Hailey"", ""Arthur Frederick Hailey""]",author
fact_0018,no_explanation,Who is the author of Detective? Give only the answer.,Who is the author of Detective?,Arthur Hailey,"[""Arthur Hailey"", ""Arthur Frederick Hailey""]",author
fact_0018,direct_answer,Directly answer this factual question: Who is the author of Detective?,Who is the author of Detective?,Arthur Hailey,"[""Arthur Hailey"", ""Arthur Frederick Hailey""]",author
fact_0019,original,Who was the composer of Imagine?,Who was the composer of Imagine?,John Lennon,"[""John Lennon"", ""John Winston Ono Lennon"", ""John Winston Lennon"", ""Lennon John"", ""John Ono Lennon""]",composer
fact_0019,short_direct,Who is the composer of Imagine?,Who was the composer of Imagine?,John Lennon,"[""John Lennon"", ""John Winston Ono Lennon"", ""John Winston Lennon"", ""Lennon John"", ""John Ono Lennon""]",composer
fact_0019,answer_briefly,Who was the composer of Imagine? Answer briefly.,Who was the composer of Imagine?,John Lennon,"[""John Lennon"", ""John Winston Ono Lennon"", ""John Winston Lennon"", ""Lennon John"", ""John Ono Lennon""]",composer
fact_0019,no_explanation,Who was the composer of Imagine? Give only the answer.,Who was the composer of Imagine?,John Lennon,"[""John Lennon"", ""John Winston Ono Lennon"", ""John Winston Lennon"", ""Lennon John"", ""John Ono Lennon""]",composer
fact_0019,direct_answer,Directly answer this factual question: Who was the composer of Imagine?,Who was the composer of Imagine?,John Lennon,"[""John Lennon"", ""John Winston Ono Lennon"", ""John Winston Lennon"", ""Lennon John"", ""John Ono Lennon""]",composer
fact_0020,original,In what city was Kalevi Kull born?,In what city was Kalevi Kull born?,Tartu,"[""Tartu"", ""Dorpat"", ""Dörpt"", ""Derpt"", ""Tarbatu"", ""Jurjev"", ""Tartto"", ""Tartus""]",place of birth
fact_0020,answer_briefly,In what city was Kalevi Kull born? Answer briefly.,In what city was Kalevi Kull born?,Tartu,"[""Tartu"", ""Dorpat"", ""Dörpt"", ""Derpt"", ""Tarbatu"", ""Jurjev"", ""Tartto"", ""Tartus""]",place of birth
fact_0020,no_explanation,In what city was Kalevi Kull born? Give only the answer.,In what city was Kalevi Kull born?,Tartu,"[""Tartu"", ""Dorpat"", ""Dörpt"", ""Derpt"", ""Tarbatu"", ""Jurjev"", ""Tartto"", ""Tartus""]",place of birth
fact_0020,direct_answer,Directly answer this factual question: In what city was Kalevi Kull born?,In what city was Kalevi Kull born?,Tartu,"[""Tartu"", ""Dorpat"", ""Dörpt"", ""Derpt"", ""Tarbatu"", ""Jurjev"", ""Tartto"", ""Tartus""]",place of birth
fact_0021,original,Who was the composer of Fame?,Who was the composer of Fame?,Michael Gore,"[""Michael Gore""]",composer
fact_0021,short_direct,Who is the composer of Fame?,Who was the composer of Fame?,Michael Gore,"[""Michael Gore""]",composer
fact_0021,answer_briefly,Who was the composer of Fame? Answer briefly.,Who was the composer of Fame?,Michael Gore,"[""Michael Gore""]",composer
fact_0021,no_explanation,Who was the composer of Fame? Give only the answer.,Who was the composer of Fame?,Michael Gore,"[""Michael Gore""]",composer
fact_0021,direct_answer,Directly answer this factual question: Who was the composer of Fame?,Who was the composer of Fame?,Michael Gore,"[""Michael Gore""]",composer
fact_0022,original,Who is the author of Memory?,Who is the author of Memory?,Poul Anderson,"[""Poul Anderson"", ""Poul William Anderson"", ""Winston P. Sanders"", ""A. A. Craig"", ""Michael Karageorge"", ""Petronius Arbiter Kingsley"", ""P. A. Kingsley""]",author
fact_0022,answer_briefly,Who is the author of Memory? Answer briefly.,Who is the author of Memory?,Poul Anderson,"[""Poul Anderson"", ""Poul William Anderson"", ""Winston P. Sanders"", ""A. A. Craig"", ""Michael Karageorge"", ""Petronius Arbiter Kingsley"", ""P. A. Kingsley""]",author
fact_0022,no_explanation,Who is the author of Memory? Give only the answer.,Who is the author of Memory?,Poul Anderson,"[""Poul Anderson"", ""Poul William Anderson"", ""Winston P. Sanders"", ""A. A. Craig"", ""Michael Karageorge"", ""Petronius Arbiter Kingsley"", ""P. A. Kingsley""]",author
fact_0022,direct_answer,Directly answer this factual question: Who is the author of Memory?,Who is the author of Memory?,Poul Anderson,"[""Poul Anderson"", ""Poul William Anderson"", ""Winston P. Sanders"", ""A. A. Craig"", ""Michael Karageorge"", ""Petronius Arbiter Kingsley"", ""P. A. Kingsley""]",author
fact_0023,original,Who was the director of Alone?,Who was the director of Alone?,Parkpoom Wongpoom,"[""Parkpoom Wongpoom"", ""Banjong Pisanthanakun"", ""Bangjong Pisanthanakun""]",director
fact_0023,short_direct,Who is the director of Alone?,Who was the director of Alone?,Parkpoom Wongpoom,"[""Parkpoom Wongpoom"", ""Banjong Pisanthanakun"", ""Bangjong Pisanthanakun""]",director
fact_0023,answer_briefly,Who was the director of Alone? Answer briefly.,Who was the director of Alone?,Parkpoom Wongpoom,"[""Parkpoom Wongpoom"", ""Banjong Pisanthanakun"", ""Bangjong Pisanthanakun""]",director
fact_0023,no_explanation,Who was the director of Alone? Give only the answer.,Who was the director of Alone?,Parkpoom Wongpoom,"[""Parkpoom Wongpoom"", ""Banjong Pisanthanakun"", ""Bangjong Pisanthanakun""]",director
fact_0023,direct_answer,Directly answer this factual question: Who was the director of Alone?,Who was the director of Alone?,Parkpoom Wongpoom,"[""Parkpoom Wongpoom"", ""Banjong Pisanthanakun"", ""Bangjong Pisanthanakun""]",director
fact_0024,original,Who is the father of Kim Kardashian?,Who is the father of Kim Kardashian?,Robert Kardashian,"[""Robert Kardashian"", ""Robert George Kardashian"", ""Rob Kardashian""]",father
fact_0024,answer_briefly,Who is the father of Kim Kardashian? Answer briefly.,Who is the father of Kim Kardashian?,Robert Kardashian,"[""Robert Kardashian"", ""Robert George Kardashian"", ""Rob Kardashian""]",father
fact_0024,no_explanation,Who is the father of Kim Kardashian? Give only the answer.,Who is the father of Kim Kardashian?,Robert Kardashian,"[""Robert Kardashian"", ""Robert George Kardashian"", ""Rob Kardashian""]",father
fact_0024,direct_answer,Directly answer this factual question: Who is the father of Kim Kardashian?,Who is the father of Kim Kardashian?,Robert Kardashian,"[""Robert Kardashian"", ""Robert George Kardashian"", ""Rob Kardashian""]",father
fact_0025,original,Who was the director of Redemption?,Who was the director of Redemption?,Jon Alpert,"[""Jon Alpert""]",director
fact_0025,short_direct,Who is the director of Redemption?,Who was the director of Redemption?,Jon Alpert,"[""Jon Alpert""]",director
fact_0025,answer_briefly,Who was the director of Redemption? Answer briefly.,Who was the director of Redemption?,Jon Alpert,"[""Jon Alpert""]",director
fact_0025,no_explanation,Who was the director of Redemption? Give only the answer.,Who was the director of Redemption?,Jon Alpert,"[""Jon Alpert""]",director
fact_0025,direct_answer,Directly answer this factual question: Who was the director of Redemption?,Who was the director of Redemption?,Jon Alpert,"[""Jon Alpert""]",director
fact_0026,original,Who was the producer of Hot Rats?,Who was the producer of Hot Rats?,Frank Zappa,"[""Frank Zappa"", ""Frank Vincent Zappa""]",producer
fact_0026,short_direct,Who is the producer of Hot Rats?,Who was the producer of Hot Rats?,Frank Zappa,"[""Frank Zappa"", ""Frank Vincent Zappa""]",producer
fact_0026,answer_briefly,Who was the producer of Hot Rats? Answer briefly.,Who was the producer of Hot Rats?,Frank Zappa,"[""Frank Zappa"", ""Frank Vincent Zappa""]",producer
fact_0026,no_explanation,Who was the producer of Hot Rats? Give only the answer.,Who was the producer of Hot Rats?,Frank Zappa,"[""Frank Zappa"", ""Frank Vincent Zappa""]",producer
fact_0026,direct_answer,Directly answer this factual question: Who was the producer of Hot Rats?,Who was the producer of Hot Rats?,Frank Zappa,"[""Frank Zappa"", ""Frank Vincent Zappa""]",producer
fact_0027,original,Who was the composer of Annie?,Who was the composer of Annie?,Charles Strouse,"[""Charles Strouse""]",composer
fact_0027,short_direct,Who is the composer of Annie?,Who was the composer of Annie?,Charles Strouse,"[""Charles Strouse""]",composer
fact_0027,answer_briefly,Who was the composer of Annie? Answer briefly.,Who was the composer of Annie?,Charles Strouse,"[""Charles Strouse""]",composer
fact_0027,no_explanation,Who was the composer of Annie? Give only the answer.,Who was the composer of Annie?,Charles Strouse,"[""Charles Strouse""]",composer
fact_0027,direct_answer,Directly answer this factual question: Who was the composer of Annie?,Who was the composer of Annie?,Charles Strouse,"[""Charles Strouse""]",composer
fact_0028,original,Who is the father of Alexander Graham Bell?,Who is the father of Alexander Graham Bell?,Alexander Melville Bell,"[""Alexander Melville Bell""]",father
fact_0028,answer_briefly,Who is the father of Alexander Graham Bell? Answer briefly.,Who is the father of Alexander Graham Bell?,Alexander Melville Bell,"[""Alexander Melville Bell""]",father
fact_0028,no_explanation,Who is the father of Alexander Graham Bell? Give only the answer.,Who is the father of Alexander Graham Bell?,Alexander Melville Bell,"[""Alexander Melville Bell""]",father
fact_0028,direct_answer,Directly answer this factual question: Who is the father of Alexander Graham Bell?,Who is the father of Alexander Graham Bell?,Alexander Melville Bell,"[""Alexander Melville Bell""]",father
fact_0029,original,Who was the producer of Human Nature?,Who was the producer of Human Nature?,Quincy Jones,"[""Quincy Jones"", ""Q"", ""Quincy"", ""Quincy Delight Jones Jr."", ""Quincy Jones Jr.""]",producer
fact_0029,short_direct,Who is the producer of Human Nature?,Who was the producer of Human Nature?,Quincy Jones,"[""Quincy Jones"", ""Q"", ""Quincy"", ""Quincy Delight Jones Jr."", ""Quincy Jones Jr.""]",producer
fact_0029,answer_briefly,Who was the producer of Human Nature? Answer briefly.,Who was the producer of Human Nature?,Quincy Jones,"[""Quincy Jones"", ""Q"", ""Quincy"", ""Quincy Delight Jones Jr."", ""Quincy Jones Jr.""]",producer
fact_0029,no_explanation,Who was the producer of Human Nature? Give only the answer.,Who was the producer of Human Nature?,Quincy Jones,"[""Quincy Jones"", ""Q"", ""Quincy"", ""Quincy Delight Jones Jr."", ""Quincy Jones Jr.""]",producer
fact_0029,direct_answer,Directly answer this factual question: Who was the producer of Human Nature?,Who was the producer of Human Nature?,Quincy Jones,"[""Quincy Jones"", ""Q"", ""Quincy"", ""Quincy Delight Jones Jr."", ""Quincy Jones Jr.""]",producer
fact_0030,original,Who is the father of Carl Valentin Falsen?,Who is the father of Carl Valentin Falsen?,Enevold De Falsen,"[""Enevold De Falsen""]",father
fact_0030,answer_briefly,Who is the father of Carl Valentin Falsen? Answer briefly.,Who is the father of Carl Valentin Falsen?,Enevold De Falsen,"[""Enevold De Falsen""]",father
fact_0030,no_explanation,Who is the father of Carl Valentin Falsen? Give only the answer.,Who is the father of Carl Valentin Falsen?,Enevold De Falsen,"[""Enevold De Falsen""]",father
fact_0030,direct_answer,Directly answer this factual question: Who is the father of Carl Valentin Falsen?,Who is the father of Carl Valentin Falsen?,Enevold De Falsen,"[""Enevold De Falsen""]",father
fact_0031,original,Who is the father of David I of Scotland?,Who is the father of David I of Scotland?,Malcolm III of Scotland,"[""Malcolm III of Scotland"", ""Malcolm Canmore""]",father
fact_0031,answer_briefly,Who is the father of David I of Scotland? Answer briefly.,Who is the father of David I of Scotland?,Malcolm III of Scotland,"[""Malcolm III of Scotland"", ""Malcolm Canmore""]",father
fact_0031,no_explanation,Who is the father of David I of Scotland? Give only the answer.,Who is the father of David I of Scotland?,Malcolm III of Scotland,"[""Malcolm III of Scotland"", ""Malcolm Canmore""]",father
fact_0031,direct_answer,Directly answer this factual question: Who is the father of David I of Scotland?,Who is the father of David I of Scotland?,Malcolm III of Scotland,"[""Malcolm III of Scotland"", ""Malcolm Canmore""]",father
fact_0032,original,In what city was Frederick George Bromberg born?,In what city was Frederick George Bromberg born?,New York City,"[""New York City"", ""NYC"", ""New York"", ""the five boroughs"", ""Big Apple"", ""City of New York"", ""NY City"", ""New York, New York"", ""New York City, New York"", ""New York, NY"", ""New York City (NYC)""]",place of birth
fact_0032,answer_briefly,In what city was Frederick George Bromberg born? Answer briefly.,In what city was Frederick George Bromberg born?,New York City,"[""New York City"", ""NYC"", ""New York"", ""the five boroughs"", ""Big Apple"", ""City of New York"", ""NY City"", ""New York, New York"", ""New York City, New York"", ""New York, NY"", ""New York City (NYC)""]",place of birth
fact_0032,no_explanation,In what city was Frederick George Bromberg born? Give only the answer.,In what city was Frederick George Bromberg born?,New York City,"[""New York City"", ""NYC"", ""New York"", ""the five boroughs"", ""Big Apple"", ""City of New York"", ""NY City"", ""New York, New York"", ""New York City, New York"", ""New York, NY"", ""New York City (NYC)""]",place of birth
fact_0032,direct_answer,Directly answer this factual question: In what city was Frederick George Bromberg born?,In what city was Frederick George Bromberg born?,New York City,"[""New York City"", ""NYC"", ""New York"", ""the five boroughs"", ""Big Apple"", ""City of New York"", ""NY City"", ""New York, New York"", ""New York City, New York"", ""New York, NY"", ""New York City (NYC)""]",place of birth
fact_0033,original,Who was the producer of Good Night?,Who was the producer of Good Night?,George Martin,"[""George Martin"", ""Sir George Henry Martin"", ""Sir George Martin""]",producer
fact_0033,short_direct,Who is the producer of Good Night?,Who was the producer of Good Night?,George Martin,"[""George Martin"", ""Sir George Henry Martin"", ""Sir George Martin""]",producer
fact_0033,answer_briefly,Who was the producer of Good Night? Answer briefly.,Who was the producer of Good Night?,George Martin,"[""George Martin"", ""Sir George Henry Martin"", ""Sir George Martin""]",producer
fact_0033,no_explanation,Who was the producer of Good Night? Give only the answer.,Who was the producer of Good Night?,George Martin,"[""George Martin"", ""Sir George Henry Martin"", ""Sir George Martin""]",producer
fact_0033,direct_answer,Directly answer this factual question: Who was the producer of Good Night?,Who was the producer of Good Night?,George Martin,"[""George Martin"", ""Sir George Henry Martin"", ""Sir George Martin""]",producer
fact_0034,original,Who is the father of Philip III of Macedon?,Who is the father of Philip III of Macedon?,Philip II of Macedon,"[""Philip II of Macedon"", ""King of Macedonia Filippo II"", ""King of Macedonia Philippos II"", ""King of Macedonia Philip II"", ""King of Macedonia Filip II"", ""King of Macedonia Philippus II"", ""Philip of Macedon""]",father
fact_0034,answer_briefly,Who is the father of Philip III of Macedon? Answer briefly.,Who is the father of Philip III of Macedon?,Philip II of Macedon,"[""Philip II of Macedon"", ""King of Macedonia Filippo II"", ""King of Macedonia Philippos II"", ""King of Macedonia Philip II"", ""King of Macedonia Filip II"", ""King of Macedonia Philippus II"", ""Philip of Macedon""]",father
fact_0034,no_explanation,Who is the father of Philip III of Macedon? Give only the answer.,Who is the father of Philip III of Macedon?,Philip II of Macedon,"[""Philip II of Macedon"", ""King of Macedonia Filippo II"", ""King of Macedonia Philippos II"", ""King of Macedonia Philip II"", ""King of Macedonia Filip II"", ""King of Macedonia Philippus II"", ""Philip of Macedon""]",father
fact_0034,direct_answer,Directly answer this factual question: Who is the father of Philip III of Macedon?,Who is the father of Philip III of Macedon?,Philip II of Macedon,"[""Philip II of Macedon"", ""King of Macedonia Filippo II"", ""King of Macedonia Philippos II"", ""King of Macedonia Philip II"", ""King of Macedonia Filip II"", ""King of Macedonia Philippus II"", ""Philip of Macedon""]",father
fact_0035,original,Who was the screenwriter for The Shout?,Who was the screenwriter for The Shout?,Robert Graves,"[""Robert Graves"", ""Robert von Ranke-Graves"", ""Robert Ranke Graves"", ""Jerzy Skolimowski""]",screenwriter
fact_0035,short_direct,Who is the screenwriter for The Shout?,Who was the screenwriter for The Shout?,Robert Graves,"[""Robert Graves"", ""Robert von Ranke-Graves"", ""Robert Ranke Graves"", ""Jerzy Skolimowski""]",screenwriter
fact_0035,answer_briefly,Who was the screenwriter for The Shout? Answer briefly.,Who was the screenwriter for The Shout?,Robert Graves,"[""Robert Graves"", ""Robert von Ranke-Graves"", ""Robert Ranke Graves"", ""Jerzy Skolimowski""]",screenwriter
fact_0035,no_explanation,Who was the screenwriter for The Shout? Give only the answer.,Who was the screenwriter for The Shout?,Robert Graves,"[""Robert Graves"", ""Robert von Ranke-Graves"", ""Robert Ranke Graves"", ""Jerzy Skolimowski""]",screenwriter
fact_0035,direct_answer,Directly answer this factual question: Who was the screenwriter for The Shout?,Who was the screenwriter for The Shout?,Robert Graves,"[""Robert Graves"", ""Robert von Ranke-Graves"", ""Robert Ranke Graves"", ""Jerzy Skolimowski""]",screenwriter
fact_0036,original,Who was the director of In My Life?,Who was the director of In My Life?,Bille August,"[""Bille August""]",director
fact_0036,short_direct,Who is the director of In My Life?,Who was the director of In My Life?,Bille August,"[""Bille August""]",director
fact_0036,answer_briefly,Who was the director of In My Life? Answer briefly.,Who was the director of In My Life?,Bille August,"[""Bille August""]",director
fact_0036,no_explanation,Who was the director of In My Life? Give only the answer.,Who was the director of In My Life?,Bille August,"[""Bille August""]",director
fact_0036,direct_answer,Directly answer this factual question: Who was the director of In My Life?,Who was the director of In My Life?,Bille August,"[""Bille August""]",director
fact_0037,original,Who is the author of Conan the Valiant?,Who is the author of Conan the Valiant?,Roland J. Green,"[""Roland J. Green"", ""Roland James Green""]",author
fact_0037,answer_briefly,Who is the author of Conan the Valiant? Answer briefly.,Who is the author of Conan the Valiant?,Roland J. Green,"[""Roland J. Green"", ""Roland James Green""]",author
fact_0037,no_explanation,Who is the author of Conan the Valiant? Give only the answer.,Who is the author of Conan the Valiant?,Roland J. Green,"[""Roland J. Green"", ""Roland James Green""]",author
fact_0037,direct_answer,Directly answer this factual question: Who is the author of Conan the Valiant?,Who is the author of Conan the Valiant?,Roland J. Green,"[""Roland J. Green"", ""Roland James Green""]",author
fact_0038,original,Who was the screenwriter for Yesterday's Hero?,Who was the screenwriter for Yesterday's Hero?,Jackie Collins,"[""Jackie Collins"", ""Jacqueline Jill Collins""]",screenwriter
fact_0038,short_direct,Who is the screenwriter for Yesterday's Hero?,Who was the screenwriter for Yesterday's Hero?,Jackie Collins,"[""Jackie Collins"", ""Jacqueline Jill Collins""]",screenwriter
fact_0038,answer_briefly,Who was the screenwriter for Yesterday's Hero? Answer briefly.,Who was the screenwriter for Yesterday's Hero?,Jackie Collins,"[""Jackie Collins"", ""Jacqueline Jill Collins""]",screenwriter
fact_0038,no_explanation,Who was the screenwriter for Yesterday's Hero? Give only the answer.,Who was the screenwriter for Yesterday's Hero?,Jackie Collins,"[""Jackie Collins"", ""Jacqueline Jill Collins""]",screenwriter
fact_0038,direct_answer,Directly answer this factual question: Who was the screenwriter for Yesterday's Hero?,Who was the screenwriter for Yesterday's Hero?,Jackie Collins,"[""Jackie Collins"", ""Jacqueline Jill Collins""]",screenwriter
fact_0039,original,Who was the composer of Getting to Know You?,Who was the composer of Getting to Know You?,Richard Rodgers,"[""Richard Rodgers"", ""Richard Charles Rodgers""]",composer
fact_0039,short_direct,Who is the composer of Getting to Know You?,Who was the composer of Getting to Know You?,Richard Rodgers,"[""Richard Rodgers"", ""Richard Charles Rodgers""]",composer
fact_0039,answer_briefly,Who was the composer of Getting to Know You? Answer briefly.,Who was the composer of Getting to Know You?,Richard Rodgers,"[""Richard Rodgers"", ""Richard Charles Rodgers""]",composer
fact_0039,no_explanation,Who was the composer of Getting to Know You? Give only the answer.,Who was the composer of Getting to Know You?,Richard Rodgers,"[""Richard Rodgers"", ""Richard Charles Rodgers""]",composer
fact_0039,direct_answer,Directly answer this factual question: Who was the composer of Getting to Know You?,Who was the composer of Getting to Know You?,Richard Rodgers,"[""Richard Rodgers"", ""Richard Charles Rodgers""]",composer
fact_0040,original,Who was the director of Stuff?,Who was the director of Stuff?,Johnny Depp,"[""Johnny Depp"", ""John Christopher \""Johnny\"" Depp II"", ""John Christopher Depp II"", ""John Christopher Depp""]",director
fact_0040,short_direct,Who is the director of Stuff?,Who was the director of Stuff?,Johnny Depp,"[""Johnny Depp"", ""John Christopher \""Johnny\"" Depp II"", ""John Christopher Depp II"", ""John Christopher Depp""]",director
fact_0040,answer_briefly,Who was the director of Stuff? Answer briefly.,Who was the director of Stuff?,Johnny Depp,"[""Johnny Depp"", ""John Christopher \""Johnny\"" Depp II"", ""John Christopher Depp II"", ""John Christopher Depp""]",director
fact_0040,no_explanation,Who was the director of Stuff? Give only the answer.,Who was the director of Stuff?,Johnny Depp,"[""Johnny Depp"", ""John Christopher \""Johnny\"" Depp II"", ""John Christopher Depp II"", ""John Christopher Depp""]",director
fact_0040,direct_answer,Directly answer this factual question: Who was the director of Stuff?,Who was the director of Stuff?,Johnny Depp,"[""Johnny Depp"", ""John Christopher \""Johnny\"" Depp II"", ""John Christopher Depp II"", ""John Christopher Depp""]",director
fact_0041,original,Who was the director of After Hours?,Who was the director of After Hours?,Martin Scorsese,"[""Martin Scorsese"", ""Martin Skorseze"", ""Martin Charles Scorsese""]",director
fact_0041,short_direct,Who is the director of After Hours?,Who was the director of After Hours?,Martin Scorsese,"[""Martin Scorsese"", ""Martin Skorseze"", ""Martin Charles Scorsese""]",director
fact_0041,answer_briefly,Who was the director of After Hours? Answer briefly.,Who was the director of After Hours?,Martin Scorsese,"[""Martin Scorsese"", ""Martin Skorseze"", ""Martin Charles Scorsese""]",director
fact_0041,no_explanation,Who was the director of After Hours? Give only the answer.,Who was the director of After Hours?,Martin Scorsese,"[""Martin Scorsese"", ""Martin Skorseze"", ""Martin Charles Scorsese""]",director
fact_0041,direct_answer,Directly answer this factual question: Who was the director of After Hours?,Who was the director of After Hours?,Martin Scorsese,"[""Martin Scorsese"", ""Martin Skorseze"", ""Martin Charles Scorsese""]",director
fact_0042,original,Who was the director of Hackers?,Who was the director of Hackers?,Iain Softley,"[""Iain Softley"", ""Iain Declan Softley""]",director
fact_0042,short_direct,Who is the director of Hackers?,Who was the director of Hackers?,Iain Softley,"[""Iain Softley"", ""Iain Declan Softley""]",director
fact_0042,answer_briefly,Who was the director of Hackers? Answer briefly.,Who was the director of Hackers?,Iain Softley,"[""Iain Softley"", ""Iain Declan Softley""]",director
fact_0042,no_explanation,Who was the director of Hackers? Give only the answer.,Who was the director of Hackers?,Iain Softley,"[""Iain Softley"", ""Iain Declan Softley""]",director
fact_0042,direct_answer,Directly answer this factual question: Who was the director of Hackers?,Who was the director of Hackers?,Iain Softley,"[""Iain Softley"", ""Iain Declan Softley""]",director
fact_0043,original,Who was the composer of The Social Network?,Who was the composer of The Social Network?,Trent Reznor,"[""Trent Reznor"", ""Michael Trent Reznor""]",composer
fact_0043,short_direct,Who is the composer of The Social Network?,Who was the composer of The Social Network?,Trent Reznor,"[""Trent Reznor"", ""Michael Trent Reznor""]",composer
fact_0043,answer_briefly,Who was the composer of The Social Network? Answer briefly.,Who was the composer of The Social Network?,Trent Reznor,"[""Trent Reznor"", ""Michael Trent Reznor""]",composer
fact_0043,no_explanation,Who was the composer of The Social Network? Give only the answer.,Who was the composer of The Social Network?,Trent Reznor,"[""Trent Reznor"", ""Michael Trent Reznor""]",composer
fact_0043,direct_answer,Directly answer this factual question: Who was the composer of The Social Network?,Who was the composer of The Social Network?,Trent Reznor,"[""Trent Reznor"", ""Michael Trent Reznor""]",composer
fact_0044,original,Who was the screenwriter for Champion?,Who was the screenwriter for Champion?,Rabi Kinagi,"[""Rabi Kinagi"", ""Ravi Kinagi"", ""Rabi Kinnagi""]",screenwriter
fact_0044,short_direct,Who is the screenwriter for Champion?,Who was the screenwriter for Champion?,Rabi Kinagi,"[""Rabi Kinagi"", ""Ravi Kinagi"", ""Rabi Kinnagi""]",screenwriter
fact_0044,answer_briefly,Who was the screenwriter for Champion? Answer briefly.,Who was the screenwriter for Champion?,Rabi Kinagi,"[""Rabi Kinagi"", ""Ravi Kinagi"", ""Rabi Kinnagi""]",screenwriter
fact_0044,no_explanation,Who was the screenwriter for Champion? Give only the answer.,Who was the screenwriter for Champion?,Rabi Kinagi,"[""Rabi Kinagi"", ""Ravi Kinagi"", ""Rabi Kinnagi""]",screenwriter
fact_0044,direct_answer,Directly answer this factual question: Who was the screenwriter for Champion?,Who was the screenwriter for Champion?,Rabi Kinagi,"[""Rabi Kinagi"", ""Ravi Kinagi"", ""Rabi Kinnagi""]",screenwriter
fact_0045,original,Who is the author of Reality Is What You Can Get Away With?,Who is the author of Reality Is What You Can Get Away With?,Robert Anton Wilson,"[""Robert Anton Wilson"", ""Robert Edward Wilson""]",author
fact_0045,answer_briefly,Who is the author of Reality Is What You Can Get Away With? Answer briefly.,Who is the author of Reality Is What You Can Get Away With?,Robert Anton Wilson,"[""Robert Anton Wilson"", ""Robert Edward Wilson""]",author
fact_0045,no_explanation,Who is the author of Reality Is What You Can Get Away With? Give only the answer.,Who is the author of Reality Is What You Can Get Away With?,Robert Anton Wilson,"[""Robert Anton Wilson"", ""Robert Edward Wilson""]",author
fact_0045,direct_answer,Directly answer this factual question: Who is the author of Reality Is What You Can Get Away With?,Who is the author of Reality Is What You Can Get Away With?,Robert Anton Wilson,"[""Robert Anton Wilson"", ""Robert Edward Wilson""]",author
fact_0046,original,Who is the author of Anything Goes?,Who is the author of Anything Goes?,Howard Lindsay,"[""Howard Lindsay"", ""Herman Nelke"", ""Russel Crouse"", ""P. G. Wodehouse"", ""Pelham Grenville Wodehouse"", ""Sir Pelham Grenville Wodehouse"", ""Guy Bolton"", ""H. B. Trevelyan"", ""Guy Reginald Bolton""]",author
fact_0046,answer_briefly,Who is the author of Anything Goes? Answer briefly.,Who is the author of Anything Goes?,Howard Lindsay,"[""Howard Lindsay"", ""Herman Nelke"", ""Russel Crouse"", ""P. G. Wodehouse"", ""Pelham Grenville Wodehouse"", ""Sir Pelham Grenville Wodehouse"", ""Guy Bolton"", ""H. B. Trevelyan"", ""Guy Reginald Bolton""]",author
fact_0046,no_explanation,Who is the author of Anything Goes? Give only the answer.,Who is the author of Anything Goes?,Howard Lindsay,"[""Howard Lindsay"", ""Herman Nelke"", ""Russel Crouse"", ""P. G. Wodehouse"", ""Pelham Grenville Wodehouse"", ""Sir Pelham Grenville Wodehouse"", ""Guy Bolton"", ""H. B. Trevelyan"", ""Guy Reginald Bolton""]",author
fact_0046,direct_answer,Directly answer this factual question: Who is the author of Anything Goes?,Who is the author of Anything Goes?,Howard Lindsay,"[""Howard Lindsay"", ""Herman Nelke"", ""Russel Crouse"", ""P. G. Wodehouse"", ""Pelham Grenville Wodehouse"", ""Sir Pelham Grenville Wodehouse"", ""Guy Bolton"", ""H. B. Trevelyan"", ""Guy Reginald Bolton""]",author
fact_0047,original,Who is the author of Forever in Blue: The Fourth Summer of the Sisterhood?,Who is the author of Forever in Blue: The Fourth Summer of the Sisterhood?,Ann Brashares,"[""Ann Brashares""]",author
fact_0047,answer_briefly,Who is the author of Forever in Blue: The Fourth Summer of the Sisterhood? Answer briefly.,Who is the author of Forever in Blue: The Fourth Summer of the Sisterhood?,Ann Brashares,"[""Ann Brashares""]",author
fact_0047,no_explanation,Who is the author of Forever in Blue: The Fourth Summer of the Sisterhood? Give only the answer.,Who is the author of Forever in Blue: The Fourth Summer of the Sisterhood?,Ann Brashares,"[""Ann Brashares""]",author
fact_0047,direct_answer,Directly answer this factual question: Who is the author of Forever in Blue: The Fourth Summer of the Sisterhood?,Who is the author of Forever in Blue: The Fourth Summer of the Sisterhood?,Ann Brashares,"[""Ann Brashares""]",author
fact_0048,original,Who was the screenwriter for 2012?,Who was the screenwriter for 2012?,Roland Emmerich,"[""Roland Emmerich""]",screenwriter
fact_0048,short_direct,Who is the screenwriter for 2012?,Who was the screenwriter for 2012?,Roland Emmerich,"[""Roland Emmerich""]",screenwriter
fact_0048,answer_briefly,Who was the screenwriter for 2012? Answer briefly.,Who was the screenwriter for 2012?,Roland Emmerich,"[""Roland Emmerich""]",screenwriter
fact_0048,no_explanation,Who was the screenwriter for 2012? Give only the answer.,Who was the screenwriter for 2012?,Roland Emmerich,"[""Roland Emmerich""]",screenwriter
fact_0048,direct_answer,Directly answer this factual question: Who was the screenwriter for 2012?,Who was the screenwriter for 2012?,Roland Emmerich,"[""Roland Emmerich""]",screenwriter
fact_0049,original,Who was the producer of Precious?,Who was the producer of Precious?,Lee Daniels,"[""Lee Daniels"", ""Lee Louis Daniels"", ""Oprah Winfrey"", ""Oprah Gail Winfrey"", ""Oprah"", ""Tyler Perry"", ""Emmitt Perry Jr.""]",producer
fact_0049,short_direct,Who is the producer of Precious?,Who was the producer of Precious?,Lee Daniels,"[""Lee Daniels"", ""Lee Louis Daniels"", ""Oprah Winfrey"", ""Oprah Gail Winfrey"", ""Oprah"", ""Tyler Perry"", ""Emmitt Perry Jr.""]",producer
fact_0049,answer_briefly,Who was the producer of Precious? Answer briefly.,Who was the producer of Precious?,Lee Daniels,"[""Lee Daniels"", ""Lee Louis Daniels"", ""Oprah Winfrey"", ""Oprah Gail Winfrey"", ""Oprah"", ""Tyler Perry"", ""Emmitt Perry Jr.""]",producer
fact_0049,no_explanation,Who was the producer of Precious? Give only the answer.,Who was the producer of Precious?,Lee Daniels,"[""Lee Daniels"", ""Lee Louis Daniels"", ""Oprah Winfrey"", ""Oprah Gail Winfrey"", ""Oprah"", ""Tyler Perry"", ""Emmitt Perry Jr.""]",producer
fact_0049,direct_answer,Directly answer this factual question: Who was the producer of Precious?,Who was the producer of Precious?,Lee Daniels,"[""Lee Daniels"", ""Lee Louis Daniels"", ""Oprah Winfrey"", ""Oprah Gail Winfrey"", ""Oprah"", ""Tyler Perry"", ""Emmitt Perry Jr.""]",producer
fact_0050,original,In what city was Alfredo Ramos Martínez born?,In what city was Alfredo Ramos Martínez born?,Monterrey,"[""Monterrey"", ""Monterrey, Nuevo Leon"", ""Monterrey, Mexico"", ""La sultana del norte"", ""La ciudad de las montañas""]",place of birth
fact_0050,answer_briefly,In what city was Alfredo Ramos Martínez born? Answer briefly.,In what city was Alfredo Ramos Martínez born?,Monterrey,"[""Monterrey"", ""Monterrey, Nuevo Leon"", ""Monterrey, Mexico"", ""La sultana del norte"", ""La ciudad de las montañas""]",place of birth
fact_0050,no_explanation,In what city was Alfredo Ramos Martínez born? Give only the answer.,In what city was Alfredo Ramos Martínez born?,Monterrey,"[""Monterrey"", ""Monterrey, Nuevo Leon"", ""Monterrey, Mexico"", ""La sultana del norte"", ""La ciudad de las montañas""]",place of birth
fact_0050,direct_answer,Directly answer this factual question: In what city was Alfredo Ramos Martínez born?,In what city was Alfredo Ramos Martínez born?,Monterrey,"[""Monterrey"", ""Monterrey, Nuevo Leon"", ""Monterrey, Mexico"", ""La sultana del norte"", ""La ciudad de las montañas""]",place of birth
fact_0051,original,Who was the composer of Petrushka chord?,Who was the composer of Petrushka chord?,Igor Stravinsky,"[""Igor Stravinsky"", ""Igor Fyodorovich Stravinsky"", ""Stravinsky"", ""Igor Strawinski"", ""Igor Strawinsky"", ""Igor Stravinskii"", ""Igor Feodorovich Stravinsky"", ""Jgor Strawinsky"", ""Igor Strawinskij"", ""Igor Stravinski"", ""Igor Fedorovich Stravinsky"", ""I. Strawinsky""]",composer
fact_0051,short_direct,Who is the composer of Petrushka chord?,Who was the composer of Petrushka chord?,Igor Stravinsky,"[""Igor Stravinsky"", ""Igor Fyodorovich Stravinsky"", ""Stravinsky"", ""Igor Strawinski"", ""Igor Strawinsky"", ""Igor Stravinskii"", ""Igor Feodorovich Stravinsky"", ""Jgor Strawinsky"", ""Igor Strawinskij"", ""Igor Stravinski"", ""Igor Fedorovich Stravinsky"", ""I. Strawinsky""]",composer
fact_0051,answer_briefly,Who was the composer of Petrushka chord? Answer briefly.,Who was the composer of Petrushka chord?,Igor Stravinsky,"[""Igor Stravinsky"", ""Igor Fyodorovich Stravinsky"", ""Stravinsky"", ""Igor Strawinski"", ""Igor Strawinsky"", ""Igor Stravinskii"", ""Igor Feodorovich Stravinsky"", ""Jgor Strawinsky"", ""Igor Strawinskij"", ""Igor Stravinski"", ""Igor Fedorovich Stravinsky"", ""I. Strawinsky""]",composer
fact_0051,no_explanation,Who was the composer of Petrushka chord? Give only the answer.,Who was the composer of Petrushka chord?,Igor Stravinsky,"[""Igor Stravinsky"", ""Igor Fyodorovich Stravinsky"", ""Stravinsky"", ""Igor Strawinski"", ""Igor Strawinsky"", ""Igor Stravinskii"", ""Igor Feodorovich Stravinsky"", ""Jgor Strawinsky"", ""Igor Strawinskij"", ""Igor Stravinski"", ""Igor Fedorovich Stravinsky"", ""I. Strawinsky""]",composer
fact_0051,direct_answer,Directly answer this factual question: Who was the composer of Petrushka chord?,Who was the composer of Petrushka chord?,Igor Stravinsky,"[""Igor Stravinsky"", ""Igor Fyodorovich Stravinsky"", ""Stravinsky"", ""Igor Strawinski"", ""Igor Strawinsky"", ""Igor Stravinskii"", ""Igor Feodorovich Stravinsky"", ""Jgor Strawinsky"", ""Igor Strawinskij"", ""Igor Stravinski"", ""Igor Fedorovich Stravinsky"", ""I. Strawinsky""]",composer
fact_0052,original,Who was the screenwriter for The Sea Inside?,Who was the screenwriter for The Sea Inside?,Mateo Gil,"[""Mateo Gil""]",screenwriter
fact_0052,short_direct,Who is the screenwriter for The Sea Inside?,Who was the screenwriter for The Sea Inside?,Mateo Gil,"[""Mateo Gil""]",screenwriter
fact_0052,answer_briefly,Who was the screenwriter for The Sea Inside? Answer briefly.,Who was the screenwriter for The Sea Inside?,Mateo Gil,"[""Mateo Gil""]",screenwriter
fact_0052,no_explanation,Who was the screenwriter for The Sea Inside? Give only the answer.,Who was the screenwriter for The Sea Inside?,Mateo Gil,"[""Mateo Gil""]",screenwriter
fact_0052,direct_answer,Directly answer this factual question: Who was the screenwriter for The Sea Inside?,Who was the screenwriter for The Sea Inside?,Mateo Gil,"[""Mateo Gil""]",screenwriter
fact_0053,original,Who was the producer of The Fog?,Who was the producer of The Fog?,Debra Hill,"[""Debra Hill"", ""John Carpenter"", ""John Howard Carpenter""]",producer
fact_0053,short_direct,Who is the producer of The Fog?,Who was the producer of The Fog?,Debra Hill,"[""Debra Hill"", ""John Carpenter"", ""John Howard Carpenter""]",producer
fact_0053,answer_briefly,Who was the producer of The Fog? Answer briefly.,Who was the producer of The Fog?,Debra Hill,"[""Debra Hill"", ""John Carpenter"", ""John Howard Carpenter""]",producer
fact_0053,no_explanation,Who was the producer of The Fog? Give only the answer.,Who was the producer of The Fog?,Debra Hill,"[""Debra Hill"", ""John Carpenter"", ""John Howard Carpenter""]",producer
fact_0053,direct_answer,Directly answer this factual question: Who was the producer of The Fog?,Who was the producer of The Fog?,Debra Hill,"[""Debra Hill"", ""John Carpenter"", ""John Howard Carpenter""]",producer
fact_0054,original,Who is the author of Utopia?,Who is the author of Utopia?,Thomas More,"[""Thomas More"", ""Sir Thomas More"", ""Saint Thomas More"", ""Thomas Morus"", ""Thomas, Saint More"", ""Thomas, Sir More""]",author
fact_0054,answer_briefly,Who is the author of Utopia? Answer briefly.,Who is the author of Utopia?,Thomas More,"[""Thomas More"", ""Sir Thomas More"", ""Saint Thomas More"", ""Thomas Morus"", ""Thomas, Saint More"", ""Thomas, Sir More""]",author
fact_0054,no_explanation,Who is the author of Utopia? Give only the answer.,Who is the author of Utopia?,Thomas More,"[""Thomas More"", ""Sir Thomas More"", ""Saint Thomas More"", ""Thomas Morus"", ""Thomas, Saint More"", ""Thomas, Sir More""]",author
fact_0054,direct_answer,Directly answer this factual question: Who is the author of Utopia?,Who is the author of Utopia?,Thomas More,"[""Thomas More"", ""Sir Thomas More"", ""Saint Thomas More"", ""Thomas Morus"", ""Thomas, Saint More"", ""Thomas, Sir More""]",author
fact_0055,original,Who was the producer of Positive?,Who was the producer of Positive?,Farhan Akhtar,"[""Farhan Akhtar"", ""Ritesh Sidhwani""]",producer
fact_0055,short_direct,Who is the producer of Positive?,Who was the producer of Positive?,Farhan Akhtar,"[""Farhan Akhtar"", ""Ritesh Sidhwani""]",producer
fact_0055,answer_briefly,Who was the producer of Positive? Answer briefly.,Who was the producer of Positive?,Farhan Akhtar,"[""Farhan Akhtar"", ""Ritesh Sidhwani""]",producer
fact_0055,no_explanation,Who was the producer of Positive? Give only the answer.,Who was the producer of Positive?,Farhan Akhtar,"[""Farhan Akhtar"", ""Ritesh Sidhwani""]",producer
fact_0055,direct_answer,Directly answer this factual question: Who was the producer of Positive?,Who was the producer of Positive?,Farhan Akhtar,"[""Farhan Akhtar"", ""Ritesh Sidhwani""]",producer
fact_0056,original,Who is the father of Count Palatine Joseph Charles of Sulzbach?,Who is the father of Count Palatine Joseph Charles of Sulzbach?,"Theodore Eustace, Count Palatine of Sulzbach","[""Theodore Eustace, Count Palatine of Sulzbach"", ""Theodore Eustace""]",father
fact_0056,answer_briefly,Who is the father of Count Palatine Joseph Charles of Sulzbach? Answer briefly.,Who is the father of Count Palatine Joseph Charles of Sulzbach?,"Theodore Eustace, Count Palatine of Sulzbach","[""Theodore Eustace, Count Palatine of Sulzbach"", ""Theodore Eustace""]",father
fact_0056,no_explanation,Who is the father of Count Palatine Joseph Charles of Sulzbach? Give only the answer.,Who is the father of Count Palatine Joseph Charles of Sulzbach?,"Theodore Eustace, Count Palatine of Sulzbach","[""Theodore Eustace, Count Palatine of Sulzbach"", ""Theodore Eustace""]",father
fact_0056,direct_answer,Directly answer this factual question: Who is the father of Count Palatine Joseph Charles of Sulzbach?,Who is the father of Count Palatine Joseph Charles of Sulzbach?,"Theodore Eustace, Count Palatine of Sulzbach","[""Theodore Eustace, Count Palatine of Sulzbach"", ""Theodore Eustace""]",father
fact_0057,original,Who was the screenwriter for The Naked Gun: From the Files of Police Squad!?,Who was the screenwriter for The Naked Gun: From the Files of Police Squad!?,Pat Proft,"[""Pat Proft"", ""Jerry Zucker"", ""Jim Abrahams"", ""James S. Abrahams"", ""David Zucker""]",screenwriter
fact_0057,short_direct,Who is the screenwriter for The Naked Gun: From the Files of Police Squad!?,Who was the screenwriter for The Naked Gun: From the Files of Police Squad!?,Pat Proft,"[""Pat Proft"", ""Jerry Zucker"", ""Jim Abrahams"", ""James S. Abrahams"", ""David Zucker""]",screenwriter
fact_0057,answer_briefly,Who was the screenwriter for The Naked Gun: From the Files of Police Squad!? Answer briefly.,Who was the screenwriter for The Naked Gun: From the Files of Police Squad!?,Pat Proft,"[""Pat Proft"", ""Jerry Zucker"", ""Jim Abrahams"", ""James S. Abrahams"", ""David Zucker""]",screenwriter
fact_0057,no_explanation,Who was the screenwriter for The Naked Gun: From the Files of Police Squad!? Give only the answer.,Who was the screenwriter for The Naked Gun: From the Files of Police Squad!?,Pat Proft,"[""Pat Proft"", ""Jerry Zucker"", ""Jim Abrahams"", ""James S. Abrahams"", ""David Zucker""]",screenwriter
fact_0057,direct_answer,Directly answer this factual question: Who was the screenwriter for The Naked Gun: From the Files of Police Squad!?,Who was the screenwriter for The Naked Gun: From the Files of Police Squad!?,Pat Proft,"[""Pat Proft"", ""Jerry Zucker"", ""Jim Abrahams"", ""James S. Abrahams"", ""David Zucker""]",screenwriter
fact_0058,original,Who was the screenwriter for I Come with the Rain?,Who was the screenwriter for I Come with the Rain?,Tran Anh Hung,"[""Tran Anh Hung""]",screenwriter
fact_0058,short_direct,Who is the screenwriter for I Come with the Rain?,Who was the screenwriter for I Come with the Rain?,Tran Anh Hung,"[""Tran Anh Hung""]",screenwriter
fact_0058,answer_briefly,Who was the screenwriter for I Come with the Rain? Answer briefly.,Who was the screenwriter for I Come with the Rain?,Tran Anh Hung,"[""Tran Anh Hung""]",screenwriter
fact_0058,no_explanation,Who was the screenwriter for I Come with the Rain? Give only the answer.,Who was the screenwriter for I Come with the Rain?,Tran Anh Hung,"[""Tran Anh Hung""]",screenwriter
fact_0058,direct_answer,Directly answer this factual question: Who was the screenwriter for I Come with the Rain?,Who was the screenwriter for I Come with the Rain?,Tran Anh Hung,"[""Tran Anh Hung""]",screenwriter
fact_0059,original,Who was the screenwriter for Over the Top?,Who was the screenwriter for Over the Top?,Stirling Silliphant,"[""Stirling Silliphant"", ""Stirling Dale Silliphant"", ""Sylvester Stallone"", ""Sly Stallone"", ""Sylvester Enzio Stallone"", ""Michael Sylvester Gardenzio Stallone""]",screenwriter
fact_0059,short_direct,Who is the screenwriter for Over the Top?,Who was the screenwriter for Over the Top?,Stirling Silliphant,"[""Stirling Silliphant"", ""Stirling Dale Silliphant"", ""Sylvester Stallone"", ""Sly Stallone"", ""Sylvester Enzio Stallone"", ""Michael Sylvester Gardenzio Stallone""]",screenwriter
fact_0059,answer_briefly,Who was the screenwriter for Over the Top? Answer briefly.,Who was the screenwriter for Over the Top?,Stirling Silliphant,"[""Stirling Silliphant"", ""Stirling Dale Silliphant"", ""Sylvester Stallone"", ""Sly Stallone"", ""Sylvester Enzio Stallone"", ""Michael Sylvester Gardenzio Stallone""]",screenwriter
fact_0059,no_explanation,Who was the screenwriter for Over the Top? Give only the answer.,Who was the screenwriter for Over the Top?,Stirling Silliphant,"[""Stirling Silliphant"", ""Stirling Dale Silliphant"", ""Sylvester Stallone"", ""Sly Stallone"", ""Sylvester Enzio Stallone"", ""Michael Sylvester Gardenzio Stallone""]",screenwriter
fact_0059,direct_answer,Directly answer this factual question: Who was the screenwriter for Over the Top?,Who was the screenwriter for Over the Top?,Stirling Silliphant,"[""Stirling Silliphant"", ""Stirling Dale Silliphant"", ""Sylvester Stallone"", ""Sly Stallone"", ""Sylvester Enzio Stallone"", ""Michael Sylvester Gardenzio Stallone""]",screenwriter
